Brand,Model,Processor,RAM,Storage,Display,GPU,Price_BDT,Availability,Source,Product_URL
Smart,"Smart Flairedge 13th Gen Intel Core i5 1335U 8GB RAM, 512GB SSD 15.6 Inch FHD Display Grey Laptop",Intel Core i5,8GB,512GB SSD,"15.6""",Intel Iris Xe Graphics,64500,In Stock,ryans.com,https://www.ryans.com/smart-flairedge-13th-gen-intel-core-i5-1335u-laptop
Smart,Smart Flairedge Intel Core i7 1255U 8GB RAM 512GB SSD FHD+ WUXGA Display Silver Laptop,Intel Core i7,8GB,512GB SSD,"16""",Intel Iris Xe Graphics,68500,In Stock,ryans.com,https://www.ryans.com/smart-flairedge-intel-core-i7-1255u-laptop
Tecno,TECNO Megabook T14 Air Intel Core i5 1334U 16GB RAM 512GB SSD 14 Inch FHD+ WUXGA Display Moonshine Silver Laptop,Intel Core i5,16GB,512GB SSD,"14""",Intel Iris Xe Graphics,71900,In Stock,ryans.com,https://www.ryans.com/tecno-megabook-t14-air-intel-core-i5-1334u-16gb-ram-laptop
Acer,Acer Aspire 3 A325-53 Intel Core i5 1334U 8GB RAM 512GB SSD 15.6 Inch FHD Display Pure Silver Laptop,Intel Core i5,8GB,512GB SSD,"15.6""",Intel Iris Xe Graphics,73900,In Stock,ryans.com,https://www.ryans.com/acer-aspire-3-a325-53-intel-core-i5-1334u-laptop
ASUS,Asus Vivobook Go 15 E1504TA (12th Gen Standard) Intel Core N150 8GB RAM 512GB SSD 15.6 Inch FHD Display Mixed Black Laptop,Intel Core N150,8GB,512GB SSD,"15.6""",Intel Graphics,61500,In Stock,ryans.com,https://www.ryans.com/asus-vivobook-go-15-e1504ta-12th-gen-standard-intel-core-n150-mixed-black-laptop
ASUS,"Asus Vivobook Go 15 E1504TA (12th Gen Standard) Intel Core N150 8GB RAM, 512GB SSD 15.6 Inch FHD Display Cool Silver Laptop",Intel Core N150,8GB,512GB SSD,"15.6""",Intel Graphics,61500,In Stock,ryans.com,https://www.ryans.com/asus-vivobook-go-15-e1504ta-12th-gen-standard-intel-core-n150-cool-silver-laptop
Acer,Acer Aspire 15 AS15-42 AMD Ryzen 3 7330U 8GB RAM 512GB SSD 15.6 Inch FHD IPS Display Pure Silver Laptop,AMD Ryzen 3,8GB,512GB SSD,"15.6""",AMD Radeon Graphics,63000,In Stock,ryans.com,https://www.ryans.com/acer-aspire-15-as15-42-amd-ryzen-3-7330u-ips-display-laptop
Acer,Acer Aspire 15 AS15-42 AMD Ryzen 3 7330U 8GB RAM 512GB SSD 15.6 Inch FHD Display Pure Silver Free Dos Laptop,AMD Ryzen 3,8GB,512GB SSD,"15.6""",AMD Radeon Graphics,63500,In Stock,ryans.com,https://www.ryans.com/acer-aspire-15-as15-42-8gb-pure-silver-laptop
Acer,Acer Aspire Lite AL15-41 AMD Ryzen 3 7330U 8GB RAM DDR4 512GB SSD 15.6 Inch FHD Display Steel Gray Laptop,AMD Ryzen 3,8GB,512GB SSD,"15.6""",AMD Radeon Graphics,63500,In Stock,ryans.com,https://www.ryans.com/acer-aspire-lite-al15-41-amd-ryzen-3-7330u-laptop
HP,"HP 15-fd0841TU 13th Gen Intel Core i3 1315U 8GB RAM, 512GB SSD 15.6 Inch FHD Display Silver Laptop",Intel Core i3,8GB,512GB SSD,"15.6""",Intel UHD Graphics,64500,In Stock,ryans.com,https://www.ryans.com/hp-15-fd0841tu-13th-gen-intel-core-i3-1315u-silver-laptop
HP,HP 15-fd0808TU Core i3 1315U 8GB RAM 512GB SSD 15.6 Inch FHD Display Silver Laptop,Core i3,8GB,512GB SSD,"15.6""",Intel UHD Graphics,65990,In Stock,ryans.com,https://www.ryans.com/hp-15-fd0808tu-core-i3-1315u-laptop
Smart,"Smart Flairedge 12th Gen Intel Core i7 1255U 8GB RAM, 512GB SSD Silver Laptop",Intel Core i7,8GB,512GB SSD,"15.6""",Intel Iris Xe Graphics,67500,In Stock,ryans.com,https://www.ryans.com/smart-flairedge-12th-gen-intel-core-i7-1255u-laptop
HP,HP 15-fd0176TU Intel Core i3 1315U 16GB RAM 512GB SSD 15.6 Inch FHD Display Moonlight Blue Laptop,Intel Core i3,16GB,512GB SSD,"15.6""",Intel UHD Graphics,71000,In Stock,ryans.com,https://www.ryans.com/hp-15-fd0176tu-intel-core-i3-1315u-laptop
HP,HP 15-fd0180TU Intel Core i3 1315U 16GB RAM 512GB SSD 15.6 Inch FHD Display Silver Laptop,Intel Core i3,16GB,512GB SSD,"15.6""",Intel UHD Graphics,71000,In Stock,ryans.com,https://www.ryans.com/hp-15-fd0180tu-intel-core-i3-1315u-silver-laptop
Dell,Dell Pro 15 Essential PV15250 Series 1 Intel Core 3 100U 8GB RAM 512GB SSD 15.6 Inch FHD Display Carbon Black Laptop,Intel Core 3,8GB,512GB SSD,"15.6""",Intel Graphics,73500,In Stock,ryans.com,https://www.ryans.com/dell-pro-15-essential-pv15250-intel-core-3-100u-laptop
Lenovo,"Lenovo IdeaPad 1 15AMN7 AMD Ryzen 3 7320U 16GB RAM, 512GB SSD 15.6 Inch FHD Display Cloud Grey Laptop #82VG00UHIN-2Y",AMD Ryzen 3,16GB,512GB SSD,"15.6""",AMD Radeon 610M Graphics,74000,In Stock,ryans.com,https://www.ryans.com/lenovo-ideapad-1-15amn7-amd-ryzen-3-7320u-16gb-ram-512gb-ssd-laptop
Acer,Acer Aspire Lite AL15-53 13th Gen Intel Core i5 1334U 8GB RAM DDR4 512GB SSD 15.6 Inch FHD Display Steel Gray Laptop,Intel Core i5,8GB,512GB SSD,"15.6""",Intel Iris Xe Graphics,74500,In Stock,ryans.com,https://www.ryans.com/acer-aspire-lite-al15-53-13th-gen-intel-core-i5-1334u-8gb-ram-ddr4-laptop
Acer,Acer Aspire Lite AL15-41 AMD Ryzen 5 5625U 16GB DDR4 512GB SSD 15.6 Inch FHD Display Steel Gray Laptop,AMD Ryzen 5,16GB,512GB SSD,"15.6""",AMD Radeon Graphics,74900,In Stock,ryans.com,https://www.ryans.com/acer-aspire-lite-al15-41-ryzen-5-5625u-laptop
Dell,Dell Pro 14 Essential PV14250 Series 1 Intel Core 3 100U 8GB RAM 512GB SSD 14 Inch FHD Display Carbon Black Laptop,Intel Core 3,8GB,512GB SSD,"14""",Intel Graphics,75500,In Stock,ryans.com,https://www.ryans.com/dell-pro-14-essential-pv14250-intel-core-3-100u-laptop
Acer,Acer Aspire Lite AL15-53 13th Gen Intel Core i5 1334U 16GB RAM DDR4 512GB SSD 15.6 Inch FHD Display Steel Gray Laptop,Intel Core i5,16GB,512GB SSD,"15.6""",Intel Iris Xe Graphics,76500,In Stock,ryans.com,https://www.ryans.com/acer-aspire-lite-al15-53-13th-gen-intel-core-i5-1334u-16gb-ram-laptop
Lenovo,Lenovo IdeaPad Slim 3 14ARP10 AMD Ryzen 5 7535HS 8GB RAM 512GB SSD 14 Inch FHD+ WUXGA Display Cosmic Blue Laptop,AMD Ryzen 5,8GB,512GB SSD,"14""",AMD Radeon 660M Graphics,76900,In Stock,ryans.com,https://www.ryans.com/lenovo-ideapad-slim-3-14arp10-amd-ryzen-5-7535hs-laptop
Lenovo,Lenovo IdeaPad Slim 3 14ARP10 AMD Ryzen 5 7535HS 8GB RAM 512GB SSD 14 Inch FHD+ WUXGA Display Free Dos Luna Grey Laptop,AMD Ryzen 5,8GB,512GB SSD,"14""",AMD Radeon 660M Graphics,76900,In Stock,ryans.com,https://www.ryans.com/lenovo-ideapad-slim-3-14arp10-amd-ryzen-5-7535hs-8gb-ram-free-dos-luna-grey-laptop
Acer,Acer Aspire 15 AS15-42 AMD Ryzen 5 7430U 16GB RAM 512GB SSD 15.6 Inch FHD Pure Silver Laptop,AMD Ryzen 5,16GB,512GB SSD,"15.6""",AMD Radeon Graphics,76900,In Stock,ryans.com,https://www.ryans.com/acer-aspire-15-as15-42-amd-ryzen-5-7430u-15.6-inch-display-laptop
Acer,Acer Aspire Lite AL15-41 AMD Ryzen 5 7430U 16GB RAM 512GB SSD 15.6 Inch FHD Display Steel Gray Laptop,AMD Ryzen 5,16GB,512GB SSD,"15.6""",AMD Radeon Graphics,77500,In Stock,ryans.com,https://www.ryans.com/acer-aspire-lite-al15-41-amd-ryzen-5-7430u-16gb-ram-laptop
Lenovo,"Lenovo IdeaPad Slim 3 15ARP10 AMD Ryzen 5 7535HS 8GB RAM, 512GB SSD 15.3 Inch FHD+ WUXGA Display Cosmic Blue Laptop #83K700D9LK-2Y",AMD Ryzen 5,8GB,512GB SSD,"15.3""",AMD Radeon 660M Graphics,77500,In Stock,ryans.com,https://www.ryans.com/lenovo-ideapad-slim-3-15arp10-amd-ryzen-5-7535hs-8gb-ram-laptop
Lenovo,Lenovo IdeaPad Slim 3 15ARP10 AMD Ryzen 5 7535HS 8GB RAM 512GB SSD 15.3 Inch FHD+ WUXGA Display Luna Grey Laptop,AMD Ryzen 5,8GB,512GB SSD,"15.3""",AMD Radeon 660M Graphics,77500,In Stock,ryans.com,https://www.ryans.com/lenovo-ideapad-slim-3-15arp10-8gb-ram-512gb-ssd-laptop
Acer,"Acer TravelLite TL14-52M-i5 13th Gen Intel Core i5 1335U 8GB RAM, 512GB SSD 14 Inch FHD Display Silver Laptop",Intel Core i5,8GB,512GB SSD,"14""",Intel Iris Xe Graphics,79900,In Stock,ryans.com,https://www.ryans.com/acer-travellite-tl14-52m-i5-13th-gen-intel-core-i5-1335u-laptop
ASUS,ASUS VivoBook 15 X1504VA Intel Core 5 120U 8GB RAM 512GB SSD 15.6 Inch FHD Display Quiet Blue Laptop,Intel Core 5,8GB,512GB SSD,"15.6""",Intel Graphics,80000,In Stock,ryans.com,https://www.ryans.com/asus-vivobook-15-x1504va-intel-core-5-120u-8gb-ram-laptop
Lenovo,Lenovo IdeaPad 1 15AMN7 AMD Ryzen 5 7520U 16GB RAM 512GB SSD 15.6 Inch FHD Display Cloud Grey Laptop,AMD Ryzen 5,16GB,512GB SSD,"15.6""",AMD Radeon 610M Graphics,81000,In Stock,ryans.com,https://www.ryans.com/lenovo-ideapad-1-15amn7-amd-ryzen-5-7520u-16gb-ram-laptop
HP,HP 15-fd0892TU Series 1 Intel Core 5 120U 8GB RAM 512GB SSD 15.6 Inch FHD Display Silver Laptop,Intel Core 5,8GB,512GB SSD,"15.6""",Intel Graphics,81000,In Stock,ryans.com,https://www.ryans.com/hp-15-fd0892tu-intel-core-5-120u-silver-laptop
HP,HP 15-fc0658AU AMD Ryzen 5 7520U 16GB RAM 512GB SSD 15.6 Inch FHD Display Moonlight Blue Laptop,AMD Ryzen 5,16GB,512GB SSD,"15.6""",AMD Radeon 610M Graphics,81500,In Stock,ryans.com,https://www.ryans.com/hp-15-fc0658au-amd-ryzen-5-7520u-laptop
HP,HP 15-fc0659AU AMD Ryzen 5 7520U 16GB RAM 512GB SSD 15.6 Inch FHD Display Warm Gold Laptop,AMD Ryzen 5,16GB,512GB SSD,"15.6""",AMD Radeon 610M Graphics,81500,In Stock,ryans.com,https://www.ryans.com/hp-15-fc0659au-amd-ryzen-5-7520u-laptop
HP,HP 15-fc0660AU AMD Ryzen 5 7520U 16GB RAM 512GB SSD 15.6 Inch FHD Display Natural Silver Laptop,AMD Ryzen 5,16GB,512GB SSD,"15.6""",AMD Radeon 610M Graphics,81500,In Stock,ryans.com,https://www.ryans.com/hp-15-fc0660au-amd-ryzen-5-7520u-laptop
ASUS,ASUS VivoBook 15 X1504VA Intel Core 5 120U 8GB RAM 512GB SSD 15.6 Inch FHD Display Cool Silver Laptop,Intel Core 5,8GB,512GB SSD,"15.6""",Intel Graphics,82000,In Stock,ryans.com,https://www.ryans.com/asus-vivobook-15-x1504va-intel-core-5-120u-laptop
Lenovo,Lenovo IdeaPad Slim 3 15ARP10 AMD Ryzen 5 7535HS 8GB RAM 512GB SSD 4800MHz 15.3 Inch FHD+ WUXGA Display Luna Grey Laptop,AMD Ryzen 5,8GB,512GB SSD,"15.3""",AMD Radeon 660M Graphics,82500,In Stock,ryans.com,https://www.ryans.com/lenovo-ideapad-slim-3-15arp10-amd-ryzen-5-7535hs-4800mhz-laptop
Lenovo,Lenovo IdeaPad Slim 3 15ARP10 AMD Ryzen 5 7535HS 8GB 512GB SSD 15.3 Inch FHD+ WUXGA IPS Display Cosmic Blue Laptop,AMD Ryzen 5,8GB,512GB SSD,"15.3""",AMD Radeon 660M Graphics,82500,In Stock,ryans.com,https://www.ryans.com/lenovo-ideapad-slim-3-15arp10-cosmic-blue-laptop
Acer,Acer Aspire 15 AS15-42 AMD Ryzen 7 7730U 16GB RAM 512GB SSD 15.6 Inch FHD IPS Pure Silver Laptop,AMD Ryzen 7,16GB,512GB SSD,"15.6""",AMD Radeon Graphics,84500,In Stock,ryans.com,https://www.ryans.com/acer-aspire-15-as15-42-amd-ryzen-7-7730u-laptop
Lenovo,"Lenovo IdeaPad Slim 3 14IRH10 13th Gen Intel Core i5 13420H 16GB RAM, 512GB SSD 14 Inch FHD+ WUXGA Display Luna Grey Laptop",Intel Core i5,16GB,512GB SSD,"14""",Intel UHD Graphics,85000,In Stock,ryans.com,https://www.ryans.com/lenovo-ideapad-slim-3-14irh10-13th-gen-intel-core-i5-13420h-16gb-ram-laptop
ASUS,"ASUS ExpertBook B1 B1403CVA Series 1 Intel Core 5 120U 8GB RAM, 512GB SSD 14 Inch FHD Display Gentle Grey Laptop #B1403CVA-S65967",Intel Core 5,8GB,512GB SSD,"14""",Intel Graphics,85000,In Stock,ryans.com,https://www.ryans.com/asus-expertbook-b1-b1403cva-series-1-intel-core-5-120u-laptop
Lenovo,Lenovo IdeaPad Slim 3 14IRH10 Intel Core i5 13420H 16GB RAM 512GB SSD 14 Inch FHD+ WUXGA Display Luna Grey Laptop,Intel Core i5,16GB,512GB SSD,"14""",Intel UHD Graphics,87000,In Stock,ryans.com,https://www.ryans.com/lenovo-ideapad-slim-3i-14irh10-intel-core-i5-13420h-laptop
MSI,MSI Modern A15 AI F2HMG AMD Ryzen 5 220 16GB RAM 512GB SSD 15.6 Inch FHD Display Platinum Gray Laptop,AMD Ryzen 5,16GB,512GB SSD,"15.6""",AMD Radeon 740M Graphics,87000,In Stock,ryans.com,https://www.ryans.com/msi-modern-a15-ai-f2hmg-amd-ryzen-5-220-laptop
MSI,"MSI Modern A14 AI F2HMG 16GB DDR5 RAM, 512GB SSD, 14 Inch FHD Display Free DOS, Platinum Gray Laptop",,16GB,512GB SSD,"14""",AMD Radeon 780M Graphics,87000,In Stock,ryans.com,https://www.ryans.com/msi-modern-a14-ai-f2hmg-laptop
Lenovo,Lenovo IdeaPad Slim 3 15IRH10R Series 2 Intel Core 5 210H 16GB RAM 512GB SSD 15.3 Inch FHD+ WUXGA Display Luna Grey Laptop,Intel Core 5,16GB,512GB SSD,"15.3""",Intel Graphics,88500,In Stock,ryans.com,https://www.ryans.com/lenovo-ideapad-slim-3i-15irh10r-series-2-intel-core-5-210h-laptop
Lenovo,Lenovo IdeaPad Slim 3 14IRH10R Intel Core 5 210H 16GB RAM 512GB SSD 14 Inch FHD+ WUXGA Display Luna Grey Laptop,Intel Core 5,16GB,512GB SSD,"14""",Intel Graphics,88500,In Stock,ryans.com,https://www.ryans.com/lenovo-ideapad-slim-3-14irh10r-laptop
Dell,"Dell Pro 15 Essential PV15250 13th Gen Intel Core i5 1334U 8GB DDR5, 512GB SSD 15.6 Inch FHD Display Carbon Black Laptop",Intel Core i5,8GB,512GB SSD,"15.6""",Intel Iris Xe Graphics,89900,In Stock,ryans.com,https://www.ryans.com/dell-pro-15-essential-pv15250-laptop
Lenovo,Lenovo IdeaPad Slim 3 15ABR8 AMD Ryzen 7 5825U 16GB RAM 512GB SSD 15.6 Inch FHD Display Abyss Blue Laptop,AMD Ryzen 7,16GB,512GB SSD,"15.6""",AMD Radeon Graphics,90000,In Stock,ryans.com,https://www.ryans.com/lenovo-ideapad-slim-3-15abr8-laptop
Lenovo,"Lenovo IdeaPad Slim 3 15ABR8 AMD Ryzen 7 5825U 16GB RAM, 512GB SSD 15.6 Inch FHD Display Arctic Grey Laptop #82XM014DLK-2Y",AMD Ryzen 7,16GB,512GB SSD,"15.6""",AMD Radeon Graphics,90000,In Stock,ryans.com,https://www.ryans.com/lenovo-ideapad-slim-3-15abr8-amd-ryzen-7-5825u-16gb-512gb-laptop
Lenovo,Lenovo IdeaPad Slim 3 14ABR8 AMD Ryzen 7 5825U 16GB RAM 512GB SSD 14 Inch FHD TN Display Arctic Grey Laptop,AMD Ryzen 7,16GB,512GB SSD,"14""",AMD Radeon Graphics,90000,In Stock,ryans.com,https://www.ryans.com/lenovo-ideapad-slim-3-14abr8-amd-ryzen-7-5825u-16gb-ram-laptop
Lenovo,Lenovo IdeaPad Slim 3 14IRH10 Intel Core i5 13420H 16GB RAM 1TB SSD 14 Inch FHD+ WUXGA Display Luna Grey Laptop,Intel Core i5,16GB,1TB SSD,"14""",Intel UHD Graphics,92500,In Stock,ryans.com,https://www.ryans.com/lenovo-ideapad-slim-3-14irh10-intel-core-i5-laptop
Lenovo,Lenovo IdeaPad Slim 3 15IRH10 Intel Core i5 13420H 16GB RAM 1TB SSD 15.3 Inch FHD+ WUXGA Display Luna Grey Laptop,Intel Core i5,16GB,1TB SSD,"15.3""",Intel UHD Graphics,92500,In Stock,ryans.com,https://www.ryans.com/lenovo-ideapad-slim-3-15irh10-intel-core-i5-13420h-laptop
ASUS,ASUS VivoBook Pro 15 K3500PA Intel Core i7 11370H 8GB RAM 512GB SSD 15.6 Inch FHD Display Quiet Blue Laptop,Intel Core i7,8GB,512GB SSD,"15.6""",Intel Iris Xe Graphics,93000,In Stock,ryans.com,https://www.ryans.com/asus-vivobook-pro-15-k3500pa-11th-gen-intel-core-i7-11370h-15.6-inch-fhd-display-quiet-blue-laptop
ASUS,ASUS VivoBook Go 14 L1404FA AMD Ryzen 5 7520U 16GB RAM 512GB SSD 14 Inch FHD Display Mixed Black Laptop,AMD Ryzen 5,16GB,512GB SSD,"14""",AMD Radeon 610M Graphics,93000,In Stock,ryans.com,https://www.ryans.com/asus-vivobook-go-14-l1404fa-amd-ryzen-5-7520u-laptop
ASUS,Asus VivoBook Go 14 L1404FA AMD Ryzen 5 7520U 16GB RAM 512GB SSD 14 Inch FHD Display Cool Silver Laptop,AMD Ryzen 5,16GB,512GB SSD,"14""",AMD Radeon 610M Graphics,93000,In Stock,ryans.com,https://www.ryans.com/asus-vivobook-go-14-l1404fa-amd-ryzen-5-7520u-16gb-ram-laptop
ASUS,Asus VivoBook 14 A1404VA Series 1 Intel Core 5 120U 16GB RAM 512GB SSD 14 Inch FHD Display Quiet Blue Laptop,Intel Core 5,16GB,512GB SSD,"14""",Intel Graphics,93000,In Stock,ryans.com,https://www.ryans.com/asus-vivobook-14-a1404va-series-1-intel-core-5-120u-16gb-ram-laptop
ASUS,Asus VivoBook 14 A1404VA Series 1 Intel Core 5 120U 16GB RAM 512GB SSD 14 Inch FHD Display Cool Silver Laptop #A1404VA-EB147W,Intel Core 5,16GB,512GB SSD,"14""",Intel Graphics,93000,In Stock,ryans.com,https://www.ryans.com/asus-vivobook-14-a1404va-series-1-intel-core-5-120u-laptop
ASUS,"Asus VivoBook 15 A1504VA Series 1 Intel Core 5 120U 16GB RAM, 512GB SSD 15.6 Inch FHD Display Quiet Blue Laptop",Intel Core 5,16GB,512GB SSD,"15.6""",Intel Graphics,93000,In Stock,ryans.com,https://www.ryans.com/asus-vivobook-15-a1504va-series-1-intel-core-5-120u-quiet-blue-laptop
ASUS,"ASUS VivoBook Go 15 E1504FA AMD Ryzen 5 40 16GB RAM, 512GB SSD Green Gray Laptop",AMD Ryzen 5,16GB,512GB SSD,"15.6""",AMD Radeon 610M Graphics,93000,In Stock,ryans.com,https://www.ryans.com/asus-vivobook-go-15-e1504fa-amd-ryzen-5-40-laptop
ASUS,"ASUS VivoBook Go 15 E1504FA AMD Ryzen 5 40 16GB RAM, 512GB SSD Cool Silver Laptop",AMD Ryzen 5,16GB,512GB SSD,"15.6""",AMD Radeon 610M Graphics,93000,In Stock,ryans.com,https://www.ryans.com/asus-vivobook-go-15-e1504fa-amd-ryzen-5-40-cool-silver-laptop
ASUS,"ASUS VivoBook Go 15 E1504FA AMD Ryzen 5 40 16GB RAM, 512GB SSD Mixed Black Laptop",AMD Ryzen 5,16GB,512GB SSD,"15.6""",AMD Radeon 610M Graphics,93000,In Stock,ryans.com,https://www.ryans.com/asus-vivobook-go-15-e1504fa-amd-ryzen-5-40-mixed-black-laptop
ASUS,Asus VivoBook Go 14 E1404FA AMD Ryzen 5 40 16GB RAM 512GB SSD 14 Inch FHD Display Green Gray Laptop,AMD Ryzen 5,16GB,512GB SSD,"14""",AMD Radeon 610M Graphics,93000,In Stock,ryans.com,https://www.ryans.com/asus-vivobook-go-14-e1404fa-amd-ryzen-5-40-green-gray-laptop
ASUS,Asus VivoBook Go 14 E1404FA AMD Ryzen 5 40 16GB RAM 512GB SSD 14 Inch FHD Display Cool Silver Laptop,AMD Ryzen 5,16GB,512GB SSD,"14""",AMD Radeon 610M Graphics,93000,In Stock,ryans.com,https://www.ryans.com/asus-vivobook-go-14-e1404fa-amd-ryzen-5-40-cool-silver-laptop
ASUS,Asus VivoBook Go 14 E1404FA AMD Ryzen 5 40 16GB RAM 512GB SSD 14 Inch FHD Display Mixed Black Laptop,AMD Ryzen 5,16GB,512GB SSD,"14""",AMD Radeon 610M Graphics,93000,In Stock,ryans.com,https://www.ryans.com/asus-vivobook-go-14-e1404fa-amd-ryzen-5-40-mixed-black-laptop
Lenovo,Lenovo IdeaPad Slim 3 14IRH10R Series 2 Intel Core 5 210H 16GB RAM 512GB SSD 14 Inch FHD+ WUXGA Display Luna Grey Laptop,Intel Core 5,16GB,512GB SSD,"14""",Intel Graphics,96500,In Stock,ryans.com,https://www.ryans.com/lenovo-ideapad-slim-3-14irh10r-series-2-laptop
Lenovo,Lenovo IdeaPad Slim 3 15ARP10 AMD Ryzen 7 7735HS 16GB RAM 512GB SSD 15.3 Inch FHD+ WUXGA  Display Free Dos Luna Grey Laptop,AMD Ryzen 7,16GB,512GB SSD,"15.3""",AMD Radeon 680M Graphics,97000,In Stock,ryans.com,https://www.ryans.com/lenovo-ideapad-slim-3-15arp10-amd-ryzen-7-7735hs-luna-grey-laptop
ASUS,ASUS VivoBook 14 F1407QA Qualcomm Snapdragon X X1-26-100 16GB RAM 1TB SSD 14 Inch FHD+ WUXGA Display Copilot & AI Optimized Quiet Blue Laptop,Qualcomm Snapdragon X,16GB,1TB SSD,"14""",Qualcomm Adreno Graphics,98000,In Stock,ryans.com,https://www.ryans.com/asus-vivobook-14-f1407qa-qualcomm-snapdragon-x-x1-26-100-laptop
ASUS,"ASUS VivoBook 14 F1407QA Qualcomm Snapdragon X X1-26-100 16GB RAM, 1TB SSD 14 Inch FHD+ WUXGA Display Copilot & AI Optimized Platinum Gold Laptop",Qualcomm Snapdragon X,16GB,1TB SSD,"14""",Qualcomm Adreno Graphics,98000,In Stock,ryans.com,https://www.ryans.com/asus-vivobook-14-f1407qa-qualcomm-snapdragon-x-x1-26-100-16gb-ram-laptop
MSI,"MSI Modern A15 AI F2HMG 16GB RAM DDR5, 512GB NVMe PCIe SSD, 15.6 Inch FHD Display, Free DOS Platinum Gray Laptop",,16GB,512GB SSD,"15.6""",AMD Radeon 780M Graphics,98000,In Stock,ryans.com,https://www.ryans.com/msi-modern-a15-ai-f2hmg-laptop
MSI,"MSI Modern A14 AI F2HMG-14SK 16GB DDR5 RAM, 512GB SSD, 14 Inch FHD Display Free DOS, Platinum Gray Laptop",,16GB,512GB SSD,"14""",AMD Radeon 780M Graphics,98000,In Stock,ryans.com,https://www.ryans.com/msi-modern-a14-ai-f2hmg-14sk-14-inch-laptop
Lenovo,"Lenovo LOQ Gaming 15IAX9E 12th Gen Intel Core i5 12450HX 12GB ram, 512GB SSD 15.6 Inch FHD Display AI Optimized Luna Grey Gaming Laptop",Intel Core i5,12GB,512GB SSD,"15.6""",Nvidia RTX 2050 Graphics,99000,In Stock,ryans.com,https://www.ryans.com/lenovo-loq-gaming-15iax9e-12th-gen-intel-core-i5-12450hx-12gb-ram-gaming-laptop
Lenovo,"Lenovo IdeaPad Slim 3 14IRH10 13th Gen Intel Core i7 13620H 16GB RAM, 512GB SSD 14 Inch FHD+ WUXGA Display Luna Grey Laptop",Intel Core i7,16GB,512GB SSD,"14""",Intel UHD Graphics,99500,In Stock,ryans.com,https://www.ryans.com/lenovo-ideapad-slim-3i-14irh10-13th-gen-intel-core-i7-13620h-laptop
Lenovo,"Lenovo IdeaPad Slim 3 15IRH10 13th Gen Intel Core i7 13620H 16GB RAM, 512GB SSD 15.3 Inch FHD+ WUXGA IPS Antiglare Display Luna Grey Laptop #83K100G0LK-2Y",Intel Core i7,16GB,512GB SSD,"15.3""",Intel UHD Graphics,99500,In Stock,ryans.com,https://www.ryans.com/lenovo-ideapad-slim-3-15irh10-13th-gen-intel-core-i7-13620h-luna-grey-laptop
Dell,Dell Pro 14 Essential PV14250 Series 1 Intel Core 5 120U 8GB RAM 512GB SSD 14 Inch FHD+ WVA Display Carbon Black Laptop,Intel Core 5,8GB,512GB SSD,"14""",Intel Graphics,99500,In Stock,ryans.com,https://www.ryans.com/dell-pro-14-essential-pv14250-intel-core-5-120u-laptop
Lenovo,Lenovo IdeaPad Slim 3 15IRH10R Intel Core 5 210H 24GB RAM 512GB SSD 15.3 Inch FHD+ WUXGA Display Luna Grey Laptop,Intel Core 5,24GB,512GB SSD,"15.3""",Intel Graphics,100500,In Stock,ryans.com,https://www.ryans.com/lenovo-ideapad-slim-3-15irh10r-intel-core-5-210h-24gb-ram-laptop
MSI,MSI Cyborg 15 A13UC Intel Core i5 13420H 8GB RAM 512GB SSD 15.6 Inch FHD Display Translucent Black Gaming Laptop,Intel Core i5,8GB,512GB SSD,"15.6""",Nvidia RTX 3050 Graphics,101900,In Stock,ryans.com,https://www.ryans.com/msi-cyborg-15-a13uc-intel-core-i5-13420h-gaming-laptop
ASUS,Asus VivoBook 16X K3605VC Intel Core i5 13420H 8GB RAM 512GB SSD 16 Inch WUXGA Display Indie Black Laptop,Intel Core i5,8GB,512GB SSD,"16""",Nvidia RTX 3050 Graphics,103000,In Stock,ryans.com,https://www.ryans.com/asus-vivobook-16x-k3605vc-intel-core-i5-13420h-laptop
Acer,"Acer Aspire Go 14 AG14-71M Series 1 Intel Core Ultra 5 125H 16GB RAM, 1TB SSD 14 Inch FHD+ WUXGA Display Steel Gray Laptop #UN.JF5SI.002",Intel Core Ultra,16GB,1TB SSD,"14""",Intel Arc Graphics,104000,In Stock,ryans.com,https://www.ryans.com/acer-aspire-go-14-ag14-71m-series-1-intel-core-ultra-5-125h-laptop
Acer,Acer Aspire Go 14 AG14-71M Intel Core Ultra 5 125H 16GB RAM 1TB SSD 14 Inch FHD+ WUXGA Steel Gray Laptop,Intel Core Ultra,16GB,1TB SSD,"14""",Intel Arc Graphics,104000,In Stock,ryans.com,https://www.ryans.com/acer-aspire-go-14-ag14-71m-intel-core-ultra-5-125h-laptop
Lenovo,"Lenovo IdeaPad Slim 5 14IRH10 13th Gen Intel Core i5 13420H 16GB RAM, 512GB SSD 14 Inch FHD+ WUXGA Display Luna Grey Laptop",Intel Core i5,16GB,512GB SSD,"14""",Intel UHD Graphics,104500,In Stock,ryans.com,https://www.ryans.com/lenovo-ideapad-slim-5i-14irh10-13th-gen-intel-core-i5-13420h-laptop
MSI,"MSI Modern 15 F1MG Series 1 Intel Core 7 150U 8GB RAM, 1TB SSD AI Optimized Urban Silver Laptop (Laptop Bag is given Separately)",Intel Core 7,8GB,1TB SSD,"15.6""",Intel Graphics,105900,In Stock,ryans.com,https://www.ryans.com/msi-modern-15-f1mg-series-1-intel-core-7-150u-8gb-ram-laptop
Lenovo,"Lenovo IdeaPad Slim 5 14Q8X9 Qualcomm Snapdragon X Plus X1P-42-100 16GB RAM, 512GB SSD 14 Inch FHD+ WUXGA Display Copilot Plus & AI Optimized Cloud Grey Laptop",Qualcomm Snapdragon X,16GB,512GB SSD,"14"" 8X9",Qualcomm Adreno Graphics,108000,In Stock,ryans.com,https://www.ryans.com/lenovo-ideapad-slim-5-14q8x9-qualcomm-snapdragon-x-plus-x1p-42-100-laptop
Lenovo,Lenovo IdeaPad Slim 5 14IMH10 Intel Core Ultra 5 135H 16GB RAM 512GB SSD 14 Inch FHD+ WUXGA Display AI Optimized Luna Grey Laptop,Intel Core Ultra,16GB,512GB SSD,"14""",Intel Arc graphics,109000,In Stock,ryans.com,https://www.ryans.com/lenovo-ideapad-slim-5-14imh10-intel-core-ultra-5-135h-laptop
MSI,MSI Modern 14 H D2RMG Series 2 Intel Core 7 240H 16GB RAM 512GB SSD 14 Inch FHD+ WUXGA Display Copilot & AI Optimized Classic Black Laptop,Intel Core 7,16GB,512GB SSD,"14""",Intel Graphics,109900,In Stock,ryans.com,https://www.ryans.com/msi-modern-14-h-d2rmg-series-2-intel-core-7-240h-laptop
Lenovo,"Lenovo LOQ Gaming 15IAX9 12th Gen Intel Core i5 12450HX 16GB, 512GB SSD 15.6 Inch FHD Display Luna Grey Gaming Laptop",Intel Core i5,16GB,512GB SSD,"15.6""",Nvidia RTX 2050 Graphics,110500,In Stock,ryans.com,https://www.ryans.com/lenovo-loq-gaming-15iax9-12th-gen-intel-core-i5-12450hx-luna-grey-gaming-laptop
ASUS,ASUS Vivobook 14 M1407KA AMD Ryzen AI 5 330 16GB DDR5 RAM 512GB SSD 14 Inch FHD+ WUXGA Display Cool Silver Laptop,AMD Ryzen AI,16GB,512GB SSD,"14""",AMD Radeon 820M Graphics,112000,In Stock,ryans.com,https://www.ryans.com/asus-vivobook-14-m1407ka-16gb-ddr5-512gb-pcie-ssd-laptop
ASUS,ASUS Vivobook 14 M1407KA AMD Ryzen AI 5 330 16GB RAM 512GB SSD 14 Inch FHD+ WUXGA Display Quiet Blue Laptop,AMD Ryzen AI,16GB,512GB SSD,"14""",AMD Radeon 820M Graphics,112000,In Stock,ryans.com,https://www.ryans.com/asus-vivobook-14-m1407ka-amd-ryzen-ai-5-330-laptop
Lenovo,Lenovo IdeaPad Slim 5 14IRH10 Intel Core i5 13420H 16GB RAM 1TB SSD14 Inch FHD+ WUXGA OLED Display Luna Grey Laptop,Intel Core i5,16GB,1TB SSD,"14""",Intel UHD Graphics,112500,In Stock,ryans.com,https://www.ryans.com/lenovo-ideapad-slim-5-14irh10-intel-core-i5-13420h-laptop
HP,"HP ProBook 440 G11 Series 1 Intel Core Ultra 5 125U 8GB RAM, 512GB SSD 14 Inch FHD Display Silver Laptop",Intel Core Ultra,8GB,512GB SSD,"14""",Intel Graphics,113000,In Stock,ryans.com,https://www.ryans.com/hp-probook-440-g11-series-1-intel-core-ultra-5-125u-laptop
Lenovo,"Lenovo ThinkPad E14 Gen 7 Series 2 Intel Core Ultra 5 225U 8GB RAM, 512GB SSD 14 Inch FHD+ WUXGA Display AI Optimized Black Laptop #21SXS0N300-3Y",Intel Core Ultra,8GB,512GB SSD,"14""",Intel Graphics,113000,In Stock,ryans.com,https://www.ryans.com/lenovo-thinkpad-e14-gen-7-series-2-intel-core-ultra-5-225u-laptop
Lenovo,"Lenovo IdeaPad Slim 3 15IRH10R Series 2 Intel Core 7 240H 24GB RAM, 512GB SSD, 15.3 Inch FHD+ WUXGA Display, Luna Grey Laptop #83K40042LK-2Y",Intel Core 7,24GB,512GB SSD,"15.3""",Intel Graphics,113500,In Stock,ryans.com,https://www.ryans.com/lenovo-ideapad-slim-3-15irh10r-series-2-intel-core-7-240h-24gb-ram--512gb-ssd--15.3-inch-fhd--wuxga-display--luna-grey-laptop--83k40042lk-2y
Lenovo,"Lenovo IdeaPad Slim 5 13ARP10 AMD Ryzen 7 7735HS 16GB RAM, 512GB SSD 13.3 Inch FHD+ WUXGA Display Cloud Grey Laptop #83J2002RIN-2Y",AMD Ryzen 7,16GB,512GB SSD,"13.3""",AMD Radeon 680M Graphics,114500,In Stock,ryans.com,https://www.ryans.com/lenovo-ideapad-slim-5-13arp10-amd-ryzen-7-7735hs-16gb-ram-laptop
Lenovo,"Lenovo IdeaPad Slim 3 14AHP10 AMD Ryzen 5 8640HS 16GB RAM, 512GB SSD 14 Inch FHD+ WUXGA Display, AI Optimized Luna Grey Laptop #83K9000SLK-2Y",AMD Ryzen 5,16GB,512GB SSD,"14""",AMD Radeon 760M Graphics,115000,In Stock,ryans.com,https://www.ryans.com/lenovo-ideapad-slim-3-14ahp10-amd-ryzen-5-8640hs-16gb-ram-laptop
ASUS,Asus VivoBook 14 F1407CA Series 2 Intel Core Ultra 5 225H 16GB RAM 512GB SSD 14 Inch FHD+ WUXGA Quiet Blue Laptop,Intel Core Ultra,16GB,512GB SSD,"14""",Intel Arc 130V Graphics,116000,In Stock,ryans.com,https://www.ryans.com/asus-vivobook-14-f1407ca-series-2-intel-core-ultra-5-225h-quiet-blue-laptop
ASUS,Asus VivoBook 14 F1407CA Series 2 Intel Core Ultra 5 225H 16GB RAM 512GB SSD 14 Inch FHD+ WUXGA Display Cool Silver Laptop,Intel Core Ultra,16GB,512GB SSD,"14""",Intel Arc 130V Graphics,116000,In Stock,ryans.com,https://www.ryans.com/asus-vivobook-14-f1407ca-series-2-intel-core-ultra-5-225h-cool-silver-laptop
ASUS,"Asus VivoBook 16 F1607CA Series 2 Intel Core Ultra 5 225H 16GB RAM, 512GB SSD 16 Inch FHD+ Display AI Optimized Quiet Blue Laptop #F1607CA-MB282W",Intel Core Ultra,16GB,512GB SSD,"16""",Intel Iris Xe Graphics,116000,In Stock,ryans.com,https://www.ryans.com/asus-vivobook-16-f1607ca-series-2-intel-core-ultra-5-225h-512gb-ssd-laptop
Dell,"Dell Pro 14 PC14250 Series 2 Intel Core Ultra 5 225U 8GB RAM, 512GB SSD 14 Inch FHD+ WUXGA Display Magnetite Laptop",Intel Core Ultra,8GB,512GB SSD,"14""",Intel Graphics,116500,In Stock,ryans.com,https://www.ryans.com/dell-pro-14-pc14250-series-2-intel-core-ultra-5-225u-laptop
HP,"HP ProBook 460 G11 Series 1 Intel Core Ultra 5 125H 8GB RAM, 512GB SSD 16 Inch FHD+ WUXGA Display Silver Laptop",Intel Core Ultra,8GB,512GB SSD,"16""",Intel Arc Graphics,118000,In Stock,ryans.com,https://www.ryans.com/hp-probook-460-g11-series-1-intel-core-ultra-5-125h-silver-laptop
Acer,"Acer TravelLite TL24-53M Series 1 Intel Core 7 150U 16GB RAM, 512GB SSD 14 Inch FHD+ WUXGA Display Silver Laptop",Intel Core 7,16GB,512GB SSD,"14""",Intel Graphics,118000,In Stock,ryans.com,https://www.ryans.com/acer-travellite-tl24-53m-series-1-intel-core-7-150u-laptop
ASUS,"ASUS VivoBook 14 F1407CA Series 2 Intel Core Ultra 5 225H 16GB RAM, 1TB SSD 14 Inch FHD+ WUXGA Display Quiet Blue Laptop",Intel Core Ultra,16GB,1TB SSD,"14""",Intel Arc 130T Graphics,119000,In Stock,ryans.com,https://www.ryans.com/asus-vivobook-14-f1407ca-series-2-intel-core-ultra-5-225h-laptop
ASUS,ASUS VivoBook S14 M3407HA AMD Ryzen 5 220 16GB RAM 1TB SSD 14 Inch FHD+ WUXGA Display Cool Silver Laptop,AMD Ryzen 5,16GB,1TB SSD,"14""",AMD Radeon 740M Graphics,119000,In Stock,ryans.com,https://www.ryans.com/asus-vivobook-s14-m3407ha-laptop
ASUS,ASUS VivoBook S14 S3407CA Intel Core Ultra 5 225H 16GB RAM 1TB SSD 14 Inch FHD+ WUXGA Display Copilot & AI Optimized Cool Silver Laptop,Intel Core Ultra,16GB,1TB SSD,"14""",Intel Arc 130T Graphics,119000,In Stock,ryans.com,https://www.ryans.com/asus-vivobook-s14-s3407ca-intel-core-ultra-5-225h-laptop
ASUS,Asus VivoBook 16 F1607CA Series 2 Intel Core Ultra 5 225H 16GB RAM 1TB SSD 16 Inch FHD+ WUXGA Display AI Optimized Cool Silver Laptop,Intel Core Ultra,16GB,1TB SSD,"16""",Intel Arc 130T Graphics,119000,In Stock,ryans.com,https://www.ryans.com/asus-vivobook-16-f1607ca-series-2-intel-core-ultra-5-225h-laptop
ASUS,Asus VivoBook 16 F1607CA Series 2 Intel Core Ultra 5 225H 16GB RAM 1TB SSD 16 Inch FHD+ WUXGA Display AI Optimized Quiet Blue Laptop,Intel Core Ultra,16GB,1TB SSD,"16""",Intel Arc 130V Graphics,119000,In Stock,ryans.com,https://www.ryans.com/asus-vivobook-16-f1607ca-series-2-intel-core-ultra-5-225h-16gb-ram-laptop
ASUS,Asus VivoBook 15 A1504VA Series 1 Intel Core 7 150U16GB RAM 512GB SSD 15.6 Inch FHD Display Cool Silver Laptop,Intel Core 7,16GB,512GB SSD,"15.6""",Intel Graphics,119000,In Stock,ryans.com,https://www.ryans.com/asus-vivobook-15-a1504va-series-1-intel-core-7-150u-silver-laptop
ASUS,Asus VivoBook 15 A1504VA Series 1 Intel Core 7 150U 16GB RAM 512GB SSD 15.6 Inch FHD Display Quiet Blue Laptop,Intel Core 7,16GB,512GB SSD,"15.6""",Intel Graphics,119000,In Stock,ryans.com,https://www.ryans.com/asus-vivobook-15-a1504va-series-1-intel-core-7-150u-quiet-blue-laptop
ASUS,Asus VivoBook 14 F1407CA Series 2 Intel Core Ultra 5 225H 16GB RAM 1TB SSD 14 Inch FHD+ WUXGA Display Cool Silver Laptop,Intel Core Ultra,16GB,1TB SSD,"14""",Intel Arc 130T Graphics,119000,In Stock,ryans.com,https://www.ryans.com/asus-vivobook-14-f1407ca-series-2-core-ultra-5-225h-cool-silver-laptop
ASUS,ASUS Vivobook S14 S3407VA Intel Core 5 210H 16GB RAM DDR5 512GB PCIe SSD 14 Inch FHD+ WUXGA Display Matte Gray Laptop,Intel Core 5,16GB,512GB SSD,"14""",Intel Graphics,119000,In Stock,ryans.com,https://www.ryans.com/asus-vivobook-s14-s3407va-series-2-intel-core-5-210h-16gb-ram-laptop
ASUS,"ASUS VivoBook S14 S3407CA Series 2 Intel Core Ultra 5 225H 16GB RAM, 1TB SSD 14 Inch FHD+ WUXGA Display Copilot & AI Optimized Matte Gray Laptop",Intel Core Ultra,16GB,1TB SSD,"14""",Intel Arc 130T Graphics,120000,In Stock,ryans.com,https://www.ryans.com/asus-vivobook-s14-s3407ca-series-2-intel-core-ultra-5-225h-laptop
HP,Hp EliteBook 640 G11 Series 1 Intel Core Ultra 5 125U 8GB RAM 512GB SSD 14 Inch FHD+ WUXGA Display Pike Silver Laptop,Intel Core Ultra,8GB,512GB SSD,"14""",Intel Graphics,121000,In Stock,ryans.com,https://www.ryans.com/hp-elitebook-640-g11-intel-core-ultra-5-125u-laptop
Lenovo,"Lenovo IdeaPad Slim 5 14IRH10R Series 2 Intel Core 7 240H 16GB RAM, 1TB SSD 14 Inch FHD+ WUXGA Display Luna Grey Laptop",Intel Core 7,16GB,1TB SSD,"14""",Intel Graphics,121500,In Stock,ryans.com,https://www.ryans.com/lenovo-ideapad-slim-5i-14irh10r-series-2-intel-core-7-240h-laptop
Lenovo,"Lenovo LOQ Gaming 15IAX9E 12th Gen Intel Core i5 12450HX 16GB ram, 512GB SSD 15.6 Inch FHD Display AI Optimized Luna Grey Gaming Laptop",Intel Core i5,16GB,512GB SSD,"15.6""",Nvidia RTX 3050 Graphics,122000,In Stock,ryans.com,https://www.ryans.com/lenovo-loq-gaming-15iax9e-12th-gen-intel-core-i5-12450hx-gaming-laptop
Acer,Acer ALG AL15G-53 Core 5 210H RTX 3050 6GB GPU 16GB RAM 512GB SSD 15.6 Inch FHD Steel Gray Gaming Laptop,,16GB,512GB SSD,"15.6""",Nvidia RTX 3050 Graphics,122500,In Stock,ryans.com,https://www.ryans.com/acer-alg-gaming-al15g-53-intel-core-5-210h-gaming-laptop
ASUS,Asus VivoBook S14 S3407VA Intel Core 5 210H 16GB RAM DDR5 1TB PCIe SSD 14 Inch FHD+ WUXGA Display Cool Silver Laptop,Intel Core 5,16GB,1TB SSD,"14""",Intel Graphics,124000,In Stock,ryans.com,https://www.ryans.com/asus-vivobook-s14-s3407va-series-2-intel-core-5-210h-16gb-ram-14-inch-laptop
MSI,MSI Cyborg 15 Black Edition A13UC Intel Core i5 13420H 16GB RAM 512GB SSD 15.6 Inch FHD Display Black Gaming Laptop,Intel Core i5,16GB,512GB SSD,"15.6""",Nvidia RTX 3050 Graphics,125000,In Stock,ryans.com,https://www.ryans.com/msi-cyborg-15-black-edition-a13uc-gaming-laptop
ASUS,Asus VivoBook 16 M1607GA AMD Ryzen AI 7 445 16GB RAM 512GB SSD 16 Inch FHD+ WUXGA Display AI Optimized Cool Silver Laptop,AMD Ryzen AI,16GB,512GB SSD,"16""",AMD Radeon 840M Graphics,129000,In Stock,ryans.com,https://www.ryans.com/asus-vivobook-16-m1607ga-amd-ryzen-ai-7-445-laptop
ASUS,Asus VivoBook 16 M1607GA AMD Ryzen AI 7 445 16GB RAM 512GB SSD 16 Inch FHD+ WUXGA AI Optimized Quiet Blue Laptop,AMD Ryzen AI,16GB,512GB SSD,"16""",AMD Radeon 840M Graphics,129000,In Stock,ryans.com,https://www.ryans.com/asus-vivobook-16-m1607ga-amd-ryzen-ai-7-445-16gb-laptop
HP,HP Victus Gaming 15-fb3180AX AMD Ryzen 7 7445HS 8GB RAM 1TB SSD 15.6 Inch FHD Display Performance Blue Gaming Laptop,AMD Ryzen 7,8GB,1TB SSD,"15.6""",Nvidia RTX 3050 Graphics,129500,In Stock,ryans.com,https://www.ryans.com/hp-victus-gaming-15-fb3180ax-amd-ryzen-7-7445hs-gaming-laptop
Gigabyte,"Gigabyte Gaming G6 MF 13th Gen Intel Core i7 13620H 16GB RAM, 512GB SSD 16 Inch FHD+ WUXGA Display Matte Black Gaming Laptop",Intel Core i7,16GB,512GB SSD,"16""",Nvidia RTX 4050 Graphics,129900,In Stock,ryans.com,https://www.ryans.com/gigabyte-gaming-g6-mf-13th-gen-intel-core-i7-13620h-gaming-laptop
ASUS,"ASUS VivoBook Pro 16X M7600QE AMD Ryzen 7 5800H 16GB RAM, 512GB SSD 16 Inch 4K WQUXGA OLED Display Black Laptop",AMD Ryzen 7,16GB,512GB SSD,"16""",Nvidia RTX 3050 Ti Graphics,131000,In Stock,ryans.com,https://www.ryans.com/asus-vivobook-pro-16x-m7600qe-amd-ryzen-7-5800h-laptop
Lenovo,Lenovo LOQ Gaming 15IAX9 Intel Core i5 12450HX 16GB RAM 512GB SSD 15.6 Inch FHD Display AI Optimized Luna Grey Gaming Laptop,Intel Core i5,16GB,512GB SSD,"15.6""",Nvidia RTX 3050 Graphics,131500,In Stock,ryans.com,https://www.ryans.com/lenovo-loq-gaming-15iax9-laptop
Lenovo,Lenovo IdeaPad Slim 5 14IRH10R Intel Core 5 32GB RAM 1TB SSD 14 Inch FHD+ WUXGA Display Luna Grey Laptop,Intel Core 5,32GB,1TB SSD,"14""",Intel Graphics,132000,In Stock,ryans.com,https://www.ryans.com/lenovo-ideapad-slim-5-14irh10r-intel-core-5-laptop
ASUS,"ASUS TUF Gaming A15 FA506NCG AMD Ryzen 7 7445HS 8GB RAM, 512GB SSD 15.6 Inch FHD Display Graphite Black Gaming Laptop",AMD Ryzen 7,8GB,512GB SSD,"15.6""",Nvidia RTX 3050 Graphics,134000,In Stock,ryans.com,https://www.ryans.com/asus-tuf-gaming-a15-fa506ncg-amd-ryzen-7-7445hs-8gb-ram-gaming-laptop
HP,"HP ProBook 440 G11 Series 1 Intel Core Ultra 7 155U 8GB RAM, 512GB SSD 14 Inch FHD+ WUXGA Display Pike Silver Laptop",Intel Core Ultra,8GB,512GB SSD,"14""",Intel Graphics,135000,In Stock,ryans.com,https://www.ryans.com/hp-probook-440-g11-series-1-intel-core-ultra-7-155u-laptop
ASUS,ASUS TUF Gaming A15 FA506NCQ AMD Ryzen 7 170 16GB RAM 512GB SSD 15.6 Inch FHD Graphite Black Gaming Laptop,AMD Ryzen 7,16GB,512GB SSD,"15.6""",Nvidia RTX 3050 Graphics,135000,In Stock,ryans.com,https://www.ryans.com/asus-tuf-gaming-a15-fa506ncq-amd-ryzen-7-170-gaming-laptop
Lenovo,Lenovo ThinkPad L14 Gen 6 Core Ultra 5 225U 16GB 512GB SSD 14 Inch FHD+ WUXGA IPS Black Laptop,,16GB,512GB SSD,"14""",Intel Graphics,135500,In Stock,ryans.com,https://www.ryans.com/lenovo-thinkpad-l14-gen-6-core-ultra-5-225u-laptop
Lenovo,Lenovo IdeaPad 5 2 in 1 14IAL10 Series 2 Intel Core Ultra 5 225H 16GB RAM 512GB SSD 14 Inch FHD+ WUXGA Touch Display AI Optimized Luna Grey Laptop,Intel Core Ultra,16GB,512GB SSD,"14""",Intel Arc Graphics,137000,In Stock,ryans.com,https://www.ryans.com/lenovo-ideapad-5-2-in-1-14ial10-series-2-intel-core-ultra-5-225h-laptop
Lenovo,"Lenovo LOQ Gaming 15IRX9 13th Gen Intel Core i5 13450HX 16GB RAM, 512GB SSD 15.6 Inch FHD IPS Display Luna Grey Gaming Laptop",Intel Core i5,16GB,512GB SSD,"15.6""",Nvidia RTX 3050 Graphics,137500,In Stock,ryans.com,https://www.ryans.com/lenovo-loq-gaming-15irx9-13th-gen-intel-core-i5-13450hx-luna-grey-gaming-laptop
HP,"HP ProBook 460 G11 Series 1 Intel Core Ultra 7 155H 8GB RAM, 512GB SSD 16 Inch FHD+ WUXGA Display Silver Laptop",Intel Core Ultra,8GB,512GB SSD,"16""",Intel Arc Graphics,137500,In Stock,ryans.com,https://www.ryans.com/hp-probook-460-g11-series-1-intel-core-ultra-7-155h-laptop
Lenovo,Lenovo LOQ Gaming 15IRX9 Intel Core i5 13450HX 16GB RAM 512GB PCIe SSD 15.6 Inch FHD Display AI Optimized Luna Grey Gaming Laptop,Intel Core i5,16GB,512GB SSD,"15.6""",Nvidia RTX 3050 Graphics,139500,In Stock,ryans.com,https://www.ryans.com/lenovo-loq-gaming-15irx9-intel-core-i5-13450hx-gaming-laptop
Lenovo,Lenovo Yoga Slim 7 14IMH9 Intel Core Ultra 5 125H 16GB RAM 512GB SSD 14 Inch FHD+ WUXGA Display AI Optimized Luna Grey Laptop,Intel Core Ultra,16GB,512GB SSD,"14""",Intel Arc Graphics,142500,In Stock,ryans.com,https://www.ryans.com/lenovo-yoga-slim-7-14imh9-intel-core-ultra-5-125h-16gb-ram-laptop
Lenovo,"Lenovo Yoga 7 2 in 1 14IML9 Series 1 Intel Core Ultra 5 125H 16GB RAM, 512GB SSD 14 Inch FHD+ WUXGA Display AI Optimized Storm Grey Laptop",Intel Core Ultra,16GB,512GB SSD,"14""",Intel Arc Graphics,143500,In Stock,ryans.com,https://www.ryans.com/lenovo-yoga-7-2-in-1-14iml9-series-1-intel-core-ultra-5-125h-laptop
Gigabyte,"Gigabyte Gaming A16 CMH 13th Gen Intel Core i7 13620H 16GB RAM, 1TB SSD 16 Inch FHD+ WUXGA Display Black Steel Gaming Laptop",Intel Core i7,16GB,1TB SSD,"16""",Nvidia RTX 4050 Graphics,144000,In Stock,ryans.com,https://www.ryans.com/gigabyte-gaming-a16-cmh-13th-gen-intel-core-i7-13620h-gaming-laptop
HP,"HP Elitebook 840 G11 Series 1 Intel Core Ultra 5 125U 16GB RAM, 512GB SSD 14 Inch FHD+ WUXGA Display Silver Laptop",Intel Core Ultra,16GB,512GB SSD,"14""",Intel Graphics,145000,In Stock,ryans.com,https://www.ryans.com/hp-elitebook-840-g11-series-1-intel-core-ultra-5-125u-laptop
Lenovo,Lenovo Yoga 7 2-in-1 14AKP10 AMD Ryzen AI 5 340 16GB RAM 1TB SSD 14 Inch FHD+ WUXGA Touch Display Copilot Plus & AI Optimized Tidal Teal Laptop,AMD Ryzen AI,16GB,1TB SSD,"14""",AMD Radeon 840M Graphics,145000,In Stock,ryans.com,https://www.ryans.com/lenovo-yoga-7-2-in-1-14akp10-amd-ryzen-ai-5-340-16gb-ram-laptop
Acer,Acer Swift Go 14 SFG14-73 Series 1 Intel Core Ultra 7 155H 16GB RAM 1TB SSD 14 Inch FHD+ WUXGA Display Copilot Plus & AI Optimized Pure Silver Laptop,Intel Core Ultra,16GB,1TB SSD,"14""",Intel Arc Graphics,146000,In Stock,ryans.com,https://www.ryans.com/acer-swift-go-14-sfg14-73-series-1-intel-core-ultra-7-155h-laptop
Acer,"Acer Swift Go 14 SFG14-73T Intel Core Ultra 7 155H 16GB RAM, 1TB SSD 14 Inch FHD+ WUXGA Touch Display Silver Laptop",Intel Core Ultra,16GB,1TB SSD,"14""",Intel Arc Graphics,148000,In Stock,ryans.com,https://www.ryans.com/acer-swift-go-14-sfg14-73t-intel-core-ultra-7-155h-laptop
(Certified,"(Certified Refurbished)Microsoft Surface Pro Copilot+ PC 11th Edition LTE (5G) Snapdragon X Plus 13 Inch Flow Multi Touch Display, Copilot Plus & AI Optimized Platinum 2-in-1 Detachable Laptop (Type Cover is sold separately)",Snapdragon X,16GB,256GB SSD,"13""",Qualcomm Adreno Graphics,148000,In Stock,ryans.com,https://www.ryans.com/microsoft-surface-pro-copilot-plus-pc-11th-edition-lte-5g-laptop
Acer,"Acer Swift Go 14 SFG14-73 Series 1 Intel Core Ultra 7 155H 16GB RAM, 1TB SSD 14 Inch WQXGA+ OLED Display Frost Blue Laptop",Intel Core Ultra,16GB,1TB SSD,"14""",Intel Arc Graphics,148000,In Stock,ryans.com,https://www.ryans.com/acer-swift-go-14-sfg14-73-series-1-intel-core-ultra-7-155h-16gb-ram-laptop
ASUS,ASUS ZenBook 14 OLED UX3405CA Intel Core Ultra 5 225H 16GB RAM 512GB SSD 14 Inch FHD+ WUXGA OLED Touch Display Foggy Silver Laptop,Intel Core Ultra,16GB,512GB SSD,"14""",Intel Arc 130T Graphics,150000,In Stock,ryans.com,https://www.ryans.com/asus-zenbook-14-oled-ux3405ca-laptop
ASUS,ASUS ZenBook 14 OLED UX3405CA Intel Core Ultra 5 225H 16GB RAM 512GB SSD 14 Inch FHD+ WUXGA OLED Touch Display Ponder Blue Laptop,Intel Core Ultra,16GB,512GB SSD,"14""",Intel Arc 130T Graphics,150000,In Stock,ryans.com,https://www.ryans.com/asus-zenbook-14-oled-ux3405ca-ponder-blue-laptop
Lenovo,"Lenovo IdeaPad 5 2 in 1 14IAL10 Series 2 Intel Core Ultra 7 255H 16GB RAM, 512GB SSD 14 Inch FHD+ WUXGA Display AI Optimized Luna Grey Laptop",Intel Core Ultra,16GB,512GB SSD,"14""",Intel Arc 140T Graphics,152000,In Stock,ryans.com,https://www.ryans.com/lenovo-ideapad-5-2-in-1-14ial10-series-2-intel-core-ultra-7-255h-laptop
ASUS,ASUS VivoBook S14 S3407CA Intel Core Ultra 7 255H 16GB RAM 1TB SSD 14 Inch FHD+ WUXGA Display Copilot & AI Optimized Matte Gray Laptop,Intel Core Ultra,16GB,1TB SSD,"14""",Intel Arc 140T Graphics,154000,In Stock,ryans.com,https://www.ryans.com/asus-vivobook-s14-s3407ca-laptop
Gigabyte,Gigabyte Gaming A16 CVH Intel Core i7 13620H 16GB RAM 1TB SSD 16 Inch FHD+ WUXGA Display Black Steel Gaming Laptop,Intel Core i7,16GB,1TB SSD,"16""",Nvidia RTX 5060 Graphics,154500,In Stock,ryans.com,https://www.ryans.com/gigabyte-gaming-a16-cvh-intel-core-i7-13620h-gaming-laptop
ASUS,"Asus V16 V3607VH Series 2 Intel Core 5 210H 16GB RAM, 1TB SSD 16 Inch FHD+ WUXGA Display Matte Black Gaming Laptop",Intel Core 5,16GB,1TB SSD,"16""",Nvidia RTX 5050 Graphics,155000,In Stock,ryans.com,https://www.ryans.com/asus-v16-v3607vh-series-2-intel-core-5-210h-gaming-laptop
Lenovo,"Lenovo IdeaPad 5 2 in 1 14AKP10 AMD Ryzen AI 7 350 24GB RAM, 512GB SSD 14 Inch FHD+ WUXGA Display Touch Display Luna Grey Laptop #83KT002XLK-2Y",AMD Ryzen AI,24GB,512GB SSD,"14""",AMD Radeon 860M Graphics,155000,In Stock,ryans.com,https://www.ryans.com/lenovo-ideapad-5-2-in-1-14akp10-amd-ryzen-ai-7-350-laptop
MSI,"MSI VenturePro 15 A2RWEG Series 2 Intel Core 5 210H 16GB RAM, 512GB SSD 15.6 Inch FHD Display Copilot & AI Optimized Solid Gray Gaming Laptop",Intel Core 5,16GB,512GB SSD,"15.6""",Nvidia RTX 5050 Graphics,155900,In Stock,ryans.com,https://www.ryans.com/msi-venturepro-15-a2rweg-series-2-intel-core-5-210h-gaming-laptop
Lenovo,"Lenovo Yoga Slim 7 14ILL10 Series 2 Intel Core Ultra 7 256V 16GB RAM, 512GB SSD 14 Inch FHD+ WUXGA Display Copilot Plus & AI Optimized Luna Gray Laptop #83JX00APIN-2Y",Intel Core Ultra,16GB,512GB SSD,"14""",Intel Arc 140V Graphics,159000,In Stock,ryans.com,https://www.ryans.com/lenovo-yoga-slim-7-14ill10-series-2-intel-core-ultra-7-256v-laptop
ASUS,ASUS VivoBook S 16 OLED M5606KA AMD Ryzen AI 5 340 16GB RAM 512GB SSD 16 Inch 3K WQHD Display Copilot & AI Optimized Cool Silver Laptop,AMD Ryzen AI,16GB,512GB SSD,"16""",AMD Radeon 840M Graphics,160000,In Stock,ryans.com,https://www.ryans.com/asus-vivobook-s-16-oled-m5606ka-amd-ryzen-ai-5-340-laptop
ASUS,"ASUS VivoBook S 16 OLED M5606KA AMD Ryzen AI 5 340 16GB RAM, 512GB SSD 16 Inch 3K OLED WQHD Display Copilot & AI Optimized Neutral Black Laptop",AMD Ryzen AI,16GB,512GB SSD,"16""",AMD Radeon 840M Graphics,160000,In Stock,ryans.com,https://www.ryans.com/asus-vivobook-s-16-oled-m5606ka-amd-ryzen-ai-5-340-16gb-ram-laptop
Lenovo,"Lenovo Yoga 7 2 in 1 14IML9 Series 1 Intel Core Ultra 5 125H 16GB RAM, 512GB SSD 14 Inch 2.8K OLED WQXGA+ Display AI Optimized Storm Grey Laptop",Intel Core Ultra,16GB,512GB SSD,"14""",Intel Arc Graphics,160000,In Stock,ryans.com,https://www.ryans.com/lenovo-yoga-7-2-in-1-14iml9-series-1-intel-core-ultra-5-125h-ai-optimized-laptop
Lenovo,Lenovo Yoga Slim 7 14IMH9 Series 1 Intel Core Ultra 5 125H 16GB RAM 512GB SSD 14 Inch FHD+ WUXGA Display AI Optimized Luna Grey Laptop,Intel Core Ultra,16GB,512GB SSD,"14""",Intel Arc graphics,160000,In Stock,ryans.com,https://www.ryans.com/lenovo-yoga-slim-7-14imh9-series-1-intel-core-ultra-5-125h-laptop
ASUS,Asus Zenbook 14 UM3406GA AMD Ryzen AI 5 430 16GB RAM 512GB SSD 14 Inch FHD+ WUXGA OLED Display Jade Black Laptop,AMD Ryzen AI,16GB,512GB SSD,"14""",AMD Radeon 840M Graphics,160000,In Stock,ryans.com,https://www.ryans.com/asus-zenbook-14-um3406ga-amd-ryzen-ai-5-14-inch-display-laptop
MSI,MSI Cyborg 15 B2RWEKG Series 2 Intel Core 5 210H 16GB RAM 512GB SSD 15.6 Inch FHD Display Translucent Black Gaming Laptop,Intel Core 5,16GB,512GB SSD,"15.6""",Nvidia RTX 5050 Graphics,161900,In Stock,ryans.com,https://www.ryans.com/msi-cyborg-15-b2rwekg-intel-core-5-15.6-inch-fhd-gaming-laptop
Lenovo,Lenovo Yoga 7 2-in-1 14AKP10 AMD Ryzen AI 5 340 24GB RAM 1TB SSD 14 Inch FHD+ WUXGA Touch Display Copilot Plus & AI Optimized Seashell Laptop,AMD Ryzen AI,24GB,1TB SSD,"14""",AMD Radeon 840M Graphics,164000,In Stock,ryans.com,https://www.ryans.com/lenovo-yoga-7-2-in-1-14akp10-seashell-laptop
ASUS,ASUS TUF Gaming A16 FA607NUQ AMD Ryzen 7 170 16GB RAM 512GB  SSD 16 Inch FHD+ WUXGA Display Mecha Gray Gaming Laptop,AMD Ryzen 7,16GB,512GB SSD,"16""",Nvidia RTX 4050 Graphics,164000,In Stock,ryans.com,https://www.ryans.com/asus-tuf-gaming-a16-fa607nuq-amd-ryzen-7-170-gaming-laptop
Lenovo,Lenovo IdeaPad Slim 5 16AHP10 AMD Ryzen 7 8845HS 32GB RAM 1TB SSD 16 Inch 2.8K OLED WQXGA+ Display Luna Grey Laptop,AMD Ryzen 7,32GB,1TB SSD,"16""",AMD Radeon 780M Graphics,165000,In Stock,ryans.com,https://www.ryans.com/lenovo-ideapad-slim-5-16ahp10-amd-ryzen-7-8845hs-32gb-ram-laptop
Microsoft,Microsoft Surface Laptop 6 for Business Series 1 Intel Core Ultra 5 135H 16GB RAM 256GB SSD 13.5 Inch Pixelsense Multi Touch Display Copilot & AI Optimized Black Surface Laptop,Intel Core Ultra,16GB,256GB SSD,"13.5""",Intel Arc graphics,167000,In Stock,ryans.com,https://www.ryans.com/microsoft-surface-laptop-6-series-1-intel-core-ultra-5-135h-surface-laptop
Lenovo,"Lenovo LOQ 15AHP10 AMD Ryzen 5 220 16GB RAM, 1TB SSD 15.6 Inch FHD Display AI Optimized Luna Gray Gaming Laptop #83JG005BLK-2Y",AMD Ryzen 5,16GB,1TB SSD,"15.6""",Nvidia RTX 5050 Graphics,168000,In Stock,ryans.com,https://www.ryans.com/lenovo-loq-15ahp10-amd-ryzen-5-220-laptop
ASUS,"ASUS VivoBook S15 S5507QA Qualcomm Snapdragon X Elite X1E-78-100 16GB RAM, 512GB SSD 15.6 Inch 3K OLED Display Cool Silver Laptop",Qualcomm Snapdragon X,16GB,512GB SSD,"15.6""",Qualcomm Adreno Graphics,170000,In Stock,ryans.com,https://www.ryans.com/asus-vivobook-s15-s5507qa-qualcomm-snapdragon-x-elite-x1e-78-100-laptop
MSI,MSI Cyborg 15 B13WEKG Intel Core i7 13620H 16GB RAM 512GB SSD 15.6 Inch FHD Display Copilot & AI Optimized Black Gaming Laptop,Intel Core i7,16GB,512GB SSD,"15.6""",Nvidia RTX 5050 Graphics,170000,In Stock,ryans.com,https://www.ryans.com/msi-cyborg-15-b13wekg-intel-core-i7-13620h-gaming-laptop
Lenovo,Lenovo LOQ Gaming 15IRX10 Intel Core i7 13650HX 16GB RAM 512GB SSD 15.6 Inch FHD Display Luna Grey Gaming Laptop,Intel Core i7,16GB,512GB SSD,"15.6""",Nvidia RTX 5050 Graphics,170500,In Stock,ryans.com,https://www.ryans.com/lenovo-loq-gaming-15irx10-intel-core-i7-13650hx-gaming-laptop
Lenovo,Lenovo LOQ 15AHP10 AMD Ryzen 7 250 16GB RAM 1TB SSD 15.6 Inch FHD Display Luna Gray Gaming Laptop,AMD Ryzen 7,16GB,1TB SSD,"15.6""",Nvidia RTX 5050 Graphics,172000,In Stock,ryans.com,https://www.ryans.com/lenovo-loq-15ahp10-amd-ryzen-7-250-laptop
Lenovo,Lenovo IdeaPad Slim 5 15ARP10 AMD Ryzen 7 7735HS 32GB RAM 1TB SSD 15.1 Inch 2.5K QHD WQXGA OLED Display Cloud Grey Laptop,AMD Ryzen 7,32GB,1TB SSD,"15.1""",AMD Radeon 680M Graphics,173000,In Stock,ryans.com,https://www.ryans.com/lenovo-ideapad-slim-5-15arp10-amd-ryzen-7-7735hs-laptop
Apple,Apple MacBook Air (Early 2026) Apple M5 (10-Core) Chip 16GB RAM 512GB SSD 13.6 Inch Liquid Retina Display Sky Blue Laptop,Apple MacBook Air,16GB,512GB SSD,"13.6""",Apple 8-Core GPU,174000,In Stock,ryans.com,https://www.ryans.com/apple-macbook-air-early-2026-apple-m5-10-core-chip-16gb-ram-laptop
Lenovo,"Lenovo IdeaPad Slim 5 16AKP10 AMD Ryzen AI 7 350 32GB RAM, 1TB SSD 16 Inch 2.8K OLED WQXGA+ Display Copilot Plus & AI Optimized Luna Grey Laptop",AMD Ryzen AI,32GB,1TB SSD,"16""",AMD Radeon 860M Graphics,175000,In Stock,ryans.com,https://www.ryans.com/lenovo-ideapad-slim-5-16akp10-amd-ryzen-ai-7-350-32gb-ram-laptop
Gigabyte,Gigabyte AERO X16 1TH AMD Ryzen AI 7 350 16GB RAM 1TB SSD 16 Inch QHD Display Lunar White Gaming Laptop,AMD Ryzen AI,16GB,1TB SSD,"16""",Nvidia RTX 5050 Graphics,179000,In Stock,ryans.com,https://www.ryans.com/gigabyte-aero-x16-1th-amd-ryzen-ai-7-350-gaming-laptop
ASUS,ASUS ZenBook A14 OLED UX3407RA Qualcomm Snapdragon X Elite X1E-78-100 16GB RAM 1TB SSD 14 Inch FHD+ WUXGA Display Copilot Plus & AI Optimized Zabriskie Beige Laptop,Qualcomm Snapdragon X,16GB,1TB SSD,"14""",Qualcomm Adreno Graphics,182000,In Stock,ryans.com,https://www.ryans.com/asus-zenbook-a14-oled-ux3407ra-qualcomm-snapdragon-x-elite-x1e-78-100-laptop
ASUS,"ASUS ZenBook A14 OLED UX3407RA Qualcomm Snapdragon X Elite X1E-78-100 16GB RAM, 1TB SSD14 Inch FHD+ WUXGA Display Copilot Plus & AI Optimized Iceland Gray Laptop",Qualcomm Snapdragon X,16GB,1TB SSD,"14""",Qualcomm Adreno Graphics,182000,In Stock,ryans.com,https://www.ryans.com/asus-zenbook-a14-oled-ux3407ra-qualcomm-snapdragon-x-elite-x1e-78-100-16gb-ram-laptop
Microsoft,Microsoft Surface Laptop 7 Copilot+ PC 7th Edition Snapdragon X Plus 16GB RAM 512GB SSD 13.8 Inch Pixelsense Multi Touch Display Copilot Plus & AI Optimized Black Laptop,Snapdragon X,16GB,512GB SSD,"13.8""",Qualcomm Adreno Graphics,184000,In Stock,ryans.com,https://www.ryans.com/microsoft-surface-laptop-7-copilot-plus-pc-7th-edition-black-laptop
Microsoft,"Microsoft Surface Laptop 1st Edition Copilot+ PC Snapdragon X Plus 16GB RAM, 512GB SSD 13 Inch Pixelsense Multi Touch Display, Copilot Plus & AI Optimized, Platinum METAl Surface Laptop",Snapdragon X,16GB,512GB SSD,"13""",Qualcomm Adreno Graphics,184000,In Stock,ryans.com,https://www.ryans.com/microsoft-surface-laptop-1st-edition-copilot-pc-snapdragon-x-plus-laptop
Gigabyte,Gigabyte AERO X16 1VH AMD Ryzen AI 7 350 16GB RAM 1TB SSD 16 Inch FHD+ WUXGA Display Space Gray Gaming Laptop,AMD Ryzen AI,16GB,1TB SSD,"16""",Nvidia RTX 5060 Graphics,185000,In Stock,ryans.com,https://www.ryans.com/gigabyte-aero-x16-1vh-laptop
MSI,"MSI Katana 15 HX B14WEK 14th Gen Intel Core i7 14650HX 16GB RAM, 512GB SSD, 15.6 Inch 2K QHD Display Black Gaming Laptop",Intel Core i7,16GB,512GB SSD,"15.6""",Nvidia RTX 5050 Graphics,185000,In Stock,ryans.com,https://www.ryans.com/msi-katana-15-hx-b14wek-14th-gen-intel-core-i7-14650hx-gaming-laptop
ASUS,Asus ZenBook 14 UX3405CA Intel Core Ultra 7 255H 16GB RAM 512GB SSD 14 Inch FHD+ OLED Display Ponder Blue Laptop,Intel Core Ultra,16GB,512GB SSD,"14""",Intel Arc 140T Graphics,185000,In Stock,ryans.com,https://www.ryans.com/asus-zenbook-14-ux3405ca-intel-core-ultra-7-255h-laptop
Lenovo,"Lenovo Yoga Slim 7 14Q8X9 Qualcomm Snapdragon X Elite X1E-78-100 16GB RAM, 512GB SSD 14.5 Inch 3K Display AI Optimized Cosmic Blue Laptop",Qualcomm Snapdragon X,16GB,512GB SSD,"14.5"" 8X9",Qualcomm Adreno Graphics,187000,In Stock,ryans.com,https://www.ryans.com/lenovo-yoga-slim-7-14q8x9-qualcomm-snapdragon-x-elite-x1e-78-100-laptop
Microsoft,"Microsoft Surface Laptop 7 Copilot+ PC 7th Edition Snapdragon X Plus 16GB RAM 512GB SSD 13.8 Inch Pixelsense Multi Touch Display, Copilot Plus & AI Optimized, Platinum Laptop",Snapdragon X,16GB,512GB SSD,"13.8""",Qualcomm Adreno Graphics,189000,In Stock,ryans.com,https://www.ryans.com/microsoft-surface-laptop-7-copilot-plus-pc-7th-edition-snapdragon-x-plus-16gb-ram-laptop
Gigabyte,Gigabyte Gaming A16 CMH Intel Core i7 13620H 16GB RAM 1TB SSD 16 Inch FHD+ WUXGA Display Black Steel Gaming Laptop,Intel Core i7,16GB,1TB SSD,"16""",Nvidia RTX 5070 Graphics,189000,In Stock,ryans.com,https://www.ryans.com/gigabyte-gaming-a16-cmh-laptop
ASUS,"ASUS TUF Gaming A14 FA401UH AMD Ryzen 7 260 16GB RAM, 512GB SSD 14 Inch 2.5K WQXGA Display Copilot & AI Optimized Jaeger Gray Gaming Laptop",AMD Ryzen 7,16GB,512GB SSD,"14""",Nvidia RTX 5050 Graphics,192000,In Stock,ryans.com,https://www.ryans.com/asus-tuf-gaming-a14-fa401uh-amd-ryzen-7-260-gaming-laptop
MSI,MSI Katana 15 HX B14WFK Intel Core i7 14650HX 16GB RAM 512GB SSD 15.6 Inch 2K QHD Display Copilot & AI Optimized Black Gaming Laptop,Intel Core i7,16GB,512GB SSD,"15.6""",Nvidia RTX 5060 Graphics,193900,In Stock,ryans.com,https://www.ryans.com/msi-katana-15-hx-b14wfk-intel-core-i7-14650hx-laptop
Microsoft,"Microsoft Surface Pro Copilot+ PC 11th Edition (Wi-Fi) Snapdragon X Plus 16GB RAM, 512GB SSD AI Optimized Black 2-in-1 Detachable Laptop (Type Cover is sold separately)",Snapdragon X,16GB,512GB SSD,"13""",Qualcomm Adreno Graphics,199000,In Stock,ryans.com,https://www.ryans.com/microsoft-surface-pro-copilot-plus-pc-11th-edition-wi-fi-snapdragon-x-plus-laptop
ASUS,ASUS TUF Gaming A16 FA608UM AMD Ryzen 7 260 16GB RAM 512GB SSD 16 Inch FHD+ WUXGA Display Copilot & AI Optimized Jaeger Gray Gaming Laptop,AMD Ryzen 7,16GB,512GB SSD,"16""",Nvidia RTX 5060 Graphics,199000,In Stock,ryans.com,https://www.ryans.com/asus-tuf-gaming-a16-fa608um-laptop
Lenovo,"Lenovo Legion 5 Gaming 15IRX10 14th Gen Intel Core i7 14700HX 24GB RAM, 512GB SSD 15.1 Inch 2.5K QHD WQXGA Display AI Optimized Eclipse Black Gaming Laptop",Intel Core i7,24GB,512GB SSD,"15.1""",Nvidia RTX 5050 Graphics,200000,In Stock,ryans.com,https://www.ryans.com/lenovo-legion-5-gaming-15irx10-14th-gen-intel-core-i7-14700hx-gaming-laptop
ASUS,"ASUS TUF Gaming A16 FA608UH AMD Ryzen 7 260 16GB RAM, 512GB PCIe SSD, 16 Inch FHD+ WUXGA Display Copilot & AI Optimized Jaeger Gray Gaming Laptop",AMD Ryzen 7,16GB,512GB SSD,"16""",Nvidia RTX 5050 Graphics,205000,In Stock,ryans.com,https://www.ryans.com/asus-tuf-gaming-a16-fa608uh-amd-ryzen-7-260-gaming-laptop
HP,HP OMEN Gaming 16-am0335TX Intel Core i7 14650HX 16GB RAM 1TB SSD 16 Inch 2.5K QHD WQXGA Display Shadow Black Gaming Laptop,Intel Core i7,16GB,1TB SSD,"16""",Nvidia RTX 5050 Graphics,209000,In Stock,ryans.com,https://www.ryans.com/hp-omen-gaming-16-am0335tx-intel-core-i7-14650hx-gaming-laptop
ASUS,"ASUS ZenBook S 14 OLED UX5406SA Series 2 Intel Core Ultra 7 256V 16GB RAM, 1TB SSD 14 Inch 3K OLED WQHD Display AI Optimized Zumaia Gray Laptop",Intel Core Ultra,16GB,1TB SSD,"14""",Intel Arc Graphics,216000,In Stock,ryans.com,https://www.ryans.com/asus-zenbook-s-14-oled-ux5406sa-series-2-laptop
MSI,"MSI Katana 15 HX B14WEK 14th Gen Intel Core i9 14900HX 16GB RAM, 512GB SSD, 15.6 Inch 2K QHD Display Black Gaming Laptop",Intel Core i9,16GB,512GB SSD,"15.6""",Nvidia RTX 5050 Graphics,220000,In Stock,ryans.com,https://www.ryans.com/msi-katana-15-hx-b14wek-gaming-laptop
Microsoft,Microsoft Surface Pro Copilot+ PC 11th Edition (Wi-Fi) Snapdragon X Elite 16GB RAM 1TB SSD 13 Inch Pixelsense Flow Multi Touch Display Copilot Plus & AI Optimized Black Laptop (Type Cover is sold separately),Snapdragon X,16GB,1TB SSD,"13""",Qualcomm Adreno Graphics,225000,In Stock,ryans.com,https://www.ryans.com/microsoft-surface-pro-copilot-plus-pc-11th-edition-wi-fi-snapdragon-x-elite-black-laptop
Microsoft,"Microsoft Surface Pro Copilot+ PC 11th Edition (Wi-Fi) Snapdragon X Plus 16GB RAM, 1TB SSD AI Optimized Black 2-in-1 Detachable Laptop (Type Cover is sold separately)",Snapdragon X,16GB,1TB SSD,"13""",Qualcomm Adreno Graphics,225000,In Stock,ryans.com,https://www.ryans.com/microsoft-surface-pro-copilot--pc-11th-edition-laptop
MSI,MSI Katana 15 HX B14WGK Intel Core i7 14650HX 16GB RAM 512GB SSD 15.6 Inch 2K QHD Display Copilot & AI Optimized Black Gaming Laptop,Intel Core i7,16GB,512GB SSD,"15.6""",Nvidia RTX 5070 Graphics,227900,In Stock,ryans.com,https://www.ryans.com/msi-katana-15-hx-b14wgk-gaming-laptop
ASUS,ASUS TUF Gaming F16 FX608JHI Intel Core i7 14650HX 16GB RAM 1TB SSD 16 Inch FHD+ WUXGA Display Jaeger Gray Gaming Laptop,Intel Core i7,16GB,1TB SSD,"16""",Nvidia RTX 5050 Graphics,228000,In Stock,ryans.com,https://www.ryans.com/asus-tuf-gaming-f16-fx608jhi-14th-gen-intel-core-i7-14650hx-gaming-laptop
HP,"HP OmniBook Ultra Flip x360 14-fh0103TU AI Series 2 Intel Core Ultra 7 256V 16GB RAM, 1TB SSD 14 Inch 3K Touch Display Copilot Plus & AI Optimized Atmospheric Blue Convertible Laptop #C0PN3PA-3Y",Intel Core Ultra,16GB,1TB SSD,"14""",Intel Arc 140V Graphics,229000,In Stock,ryans.com,https://www.ryans.com/hp-omnibook-ultra-flip-x360-14-fh0103tu-ai-series-2-intel-core-ultra-7-256v-laptop
HP,"HP OmniBook Ultra Flip x360 14-fh0104TU AI Series 2 Intel Core Ultra 7 256V 16GB RAM, 1TB SSD 14 Inch 3K Touch Display Copilot Plus & AI Optimized Eclipse Gray Convertible Laptop #C0PN4PA-3Y",Intel Core Ultra,16GB,1TB SSD,"14""",Intel Arc 140V Graphics,229000,In Stock,ryans.com,https://www.ryans.com/hp-omnibook-ultra-flip-x360-14-fh0104tu-ai-series-2-intel-core-ultra-7-256v-convertible-laptop
Microsoft,Microsoft Surface Laptop 7 Copilot+ PC 7th Edition Snapdragon X Elite 32GB RAM 1TB SSD 13.8 Inch Pixelsense Multi Touch Display Black Metal Surface Laptop,Snapdragon X,32GB,1TB SSD,"13.8""",Qualcomm Adreno Graphics,229000,In Stock,ryans.com,https://www.ryans.com/microsoft-surface-laptop-7-copilot--pc-7th-edition-snapdragon-x-elite-surface-laptop
ASUS,ASUS ProArt StudioBook 16 H5600QM AMD Ryzen 7 5800H 16GB RAM 1TB SSD 16 Inch 4K WQUXGA OLED Display Star Black Laptop,AMD Ryzen 7,16GB,1TB SSD,"16""",Nvidia RTX 3060 Graphics,232000,In Stock,ryans.com,https://www.ryans.com/asus-proart-studiobook-16-h5600qm-amd-ryzen-7-5800h-16-inch-wquxga-oled-display-star-black-laptop
Lenovo,"Lenovo Legion Pro 5 16ADR10 AMD Ryzen 7 8745HX 32GB RAM, 1TB SSD 16 Inch 2.5K QHD WQXGA OLED Display AI Optimized Eclipse Black Gaming Laptop",AMD Ryzen 7,32GB,1TB SSD,"16""",NVIDIA GeForce RTX 5060 Graphics,235000,In Stock,ryans.com,https://www.ryans.com/lenovo-legion-pro-5-16adr10-amd-ryzen-7-8745hx-gaming-laptop
Lenovo,Lenovo Legion Pro 5 16ADR10 AMD Ryzen 7 8745HX 24GB RAM 1TB SSD 16 Inch 2.5K QHD WQXGA OLED Display Eclipse Black Gaming Laptop,AMD Ryzen 7,24GB,1TB SSD,"16""",NVIDIA GeForce RTX 5060 Graphics,240000,In Stock,ryans.com,https://www.ryans.com/lenovo-legion-pro-5-16adr10-amd-ryzen-7-8745hx-24gb-ram-gaming-laptop
Microsoft,Microsoft Surface Pro for Business Copilot+ PC 11th Edition (Wi-Fi) Snapdragon X Elite 32GB RAM 1TB SSD 13 Inch Pixelsense Flow Multi Touch OLED Display Copilot Plus & AI Optimized Platinum Laptop,Snapdragon X,32GB,1TB SSD,"13""",Qualcomm Adreno Graphics,245000,In Stock,ryans.com,https://www.ryans.com/microsoft-surface-pro-for-business-copilot-plus-pc-11th-edition-wi-fi-snapdragon-x-elite-laptop
Lenovo,"Lenovo Legion 5 Gaming 15IRX10 14th Gen Intel Core i7 14700HX 24GB RAM, 512GB SSD 15.1 Inch 2.5K QHD WQXGA OLED Display AI Optimized Eclipse Black Gaming Laptop #83LY009YLK-2Y",Intel Core i7,24GB,512GB SSD,"15.1""",Nvidia RTX 5070 Graphics,248500,In Stock,ryans.com,https://www.ryans.com/lenovo-legion-5-gaming-15irx10-14th-gen-intel-core-i7-14700hx-512gb-ssd-gaming-laptop
ASUS,ASUS ZenBook Pro Duo 14 OLED UX8402ZE Intel Core i7 12700H 16GB RAM 512GB SSD 14.5 Inch 2.8K OLED WQHD Touch Display Tech Black Laptop,Intel Core i7,16GB,512GB SSD,"14.5""",Nvidia RTX 3050 Ti Graphics,250000,In Stock,ryans.com,https://www.ryans.com/asus-zenbook-pro-duo-14-oled-ux8402ze-12th-gen-intel-core-i7-12700h-14.5-inch-tech-black-laptop
ASUS,ASUS TUF Gaming F16 FX608JMI Intel Core i7 14650HX 16GB RAM 1TB SSD 16 Inch FHD+ WUXGA Jaeger Gray Gaming Laptop,Intel Core i7,16GB,1TB SSD,"16""",Nvidia RTX 5060 Graphics,252000,In Stock,ryans.com,https://www.ryans.com/asus-tuf-gaming-f16-fx608jmi-14th-gen-intel-core-i7-14650hx-gaming-laptop
ASUS,Asus Zenbook S 16 UM5606GA AMD Ryzen AI 7 445 32GB RAM 1TB SSD 16 Inch 3K OLED WQHD Display Gray Laptop,AMD Ryzen AI,32GB,1TB SSD,"16""",AMD Radeon 840M Graphics,256000,In Stock,ryans.com,https://www.ryans.com/asus-zenbook-s-16-um5606ga-amd-ryzen-ai-7-16-inch-display-laptop
ASUS,ASUS ProArt StudioBook 16 H5600QM AMD Ryzen 9 5900HX 32GB RAM 1TB SSD 16 Inch 4K WQUXGA OLED Display Star Black Laptop,AMD Ryzen 9,32GB,1TB SSD,"16""",Nvidia RTX 3060 Graphics,258000,In Stock,ryans.com,https://www.ryans.com/asus-proart-studiobook-16-h5600qm-amd-ryzen-9-5900hx-16-inch-4k-wquxga-oled-display-star-black-laptop
ASUS,"ASUS TUF Gaming F16 FX608JMR 14th Gen Intel Core i7 14650HX 16GB RAM, 1TB SSD 16 Inch FHD+ WUXGA Display AI Optimized Jaeger Gray Gaming Laptop",Intel Core i7,16GB,1TB SSD,"16""",Nvidia RTX 5060 Graphics,260000,In Stock,ryans.com,https://www.ryans.com/asus-tuf-gaming-f16-fx608jmr-14th-gen-intel-core-i7-14650hx-gaming-laptop
Lenovo,"Lenovo Legion 5 15AKP10 AMD Ryzen AI 7 350 32GB RAM, 512GB SSD 15.1 Inch WQXGA OLED Display AI Optimized Black Gaming Laptop #83F10031LK-2Y",AMD Ryzen AI,32GB,512GB SSD,"15.1""",NVIDIA Geforce RTX 5070 Graphics,270000,In Stock,ryans.com,https://www.ryans.com/lenovo-legion-5-15akp10-amd-ryzen-ai-7-350-gaming-laptop
Lenovo,"Lenovo Legion 5 Gaming 15IRX10 14th Gen Intel Core i9 14900HX 24GB RAM, 512GB SSD 15.1 Inch 2.5K QHD WQXGA Display AI Optimized, Eclipse Black Gaming Laptop",Intel Core i9,24GB,512GB SSD,"15.1""",Nvidia RTX 5070 Graphics,272500,In Stock,ryans.com,https://www.ryans.com/lenovo-legion-5-gaming-15irx10-14th-gen-intel-core-i9-14900hx-gaming-laptop
Lenovo,Lenovo Legion 5 15IAX10 Series 2 Intel Core Ultra 7 255HX 32GB RAM 512GB SSD 15.1 Inch 2.5K QHD WQXGA Display AI Optimized Eclipse Black Gaming Laptop,Intel Core Ultra,32GB,512GB SSD,"15.1""",Nvidia RTX 5060 Graphics,274000,In Stock,ryans.com,https://www.ryans.com/lenovo-legion-5-15iax10-series-2-intel-core-ultra-7-255hx-gaming-laptop
Lenovo,"Lenovo Yoga Slim 9 14ILL10 Series 2 Intel Core Ultra 7 258V 32GB RAM, 1TB SSD 14 Inch 4K WQUXGA Display AI Optimized Tidal Teal Laptop",Intel Core Ultra,32GB,1TB SSD,"14""",Intel Arc 140V Graphics,280000,In Stock,ryans.com,https://www.ryans.com/lenovo-yoga-slim-9-14ill10-series-2-intel-core-ultra-7-258v-laptop
ASUS,Asus TUF Gaming F16 FX608JPR Intel Core i7 14650HX 16GB RAM 1TB SSD 16 Inch FHD+ Display Jaeger Gray Gaming Laptop,Intel Core i7,16GB,1TB SSD,"16""",Nvidia RTX 5070 Graphics,282000,In Stock,ryans.com,https://www.ryans.com/asus-tuf-gaming-f16-fx608jpr-14th-gen-intel-core-i7-14650hx-16gb-gaming-laptop
Acer,"Acer Predator Helios Neo 16S AI PHN16S-71 Series 2 Intel Core Ultra 7 255HX 16GB RAM, 1TB SSD 16 Inch 2.5K QHD+ WQXGA OLED Display Copilot & AI Optimized Abyssal Black Gaming Laptop",Intel Core Ultra,16GB,1TB SSD,"16""",Nvidia RTX 5050 Graphics,285000,In Stock,ryans.com,https://www.ryans.com/acer-predator-helios-neo-16s-ai-phn16s-71-series-2-intel-core-ultra-7-255hx-laptop
Lenovo,"Lenovo Yoga Book 9 13IMU9 Series 1 Intel Core Ultra 7 155U 16GB RAM, 1TB SSD 13.3 Inch 2.8K OLED WQHD Touch Display Tidal Teal Laptop",Intel Core Ultra,16GB,1TB SSD,"13.3""",Intel Graphics,287000,In Stock,ryans.com,https://www.ryans.com/lenovo-yoga-book-9i-13imu9-intel-core-ultra-7-155u-16gb-ram-tidal-teal-laptop
Apple,"Apple MacBook Air (Early 2026) Apple M5 Chip 24GB RAM, 1TB SSD 15.3 Inch Liquid Retina Display Starlight Laptop #MDVF4xx/A",Apple MacBook Air,24GB,1TB SSD,"15.3""",Apple 10-core GPU,288000,In Stock,ryans.com,https://www.ryans.com/apple-macbook-air-early-2026-apple-m5-chip-24gb-liquid-retina-laptop
Apple,Apple MacBook Air (Early 2026) Apple M5 (10-Core) Chip 24GB RAM 1TB SSD 15.3 Inch Liquid Retina Display Sky Blue Laptop,Apple MacBook Air,24GB,1TB SSD,"15.3""",Apple 10-core GPU,288000,In Stock,ryans.com,https://www.ryans.com/apple-macbook-air-early-2026-apple-m5-chip-24gb-ram-liquid-retina-laptop
Apple,Apple MacBook Air (Early 2026) Apple M5 (10-Core) Chip 24GB RAM 1TB SSD 15.3 Inch Liquid Retina Display Silver Laptop,Apple MacBook Air,24GB,1TB SSD,"15.3""",Apple 10-core GPU,288000,In Stock,ryans.com,https://www.ryans.com/apple-macbook-air-early-2026-apple-m5-chip-24gb-ram-silver-laptop
Apple,Apple MacBook Air (Early 2026) Apple M5 (10-Core) Chip 24GB RAM 1TB SSD 15.3 Inch Liquid Retina Display Midnight Laptop,Apple MacBook Air,24GB,1TB SSD,"15.3""",Apple 10-core GPU,288000,In Stock,ryans.com,https://www.ryans.com/apple-macbook-air-early-2026-apple-m5-chip-24gb-ram-midnight-laptop
Lenovo,Lenovo Yoga Pro 7i 14IAH10 Intel Core Ultra 9 285H 32GB RAM 1TB SSD 14.5 Inch 3K OLED Display Luna Grey Laptop,Intel Core Ultra,32GB,1TB SSD,"14.5""",Intel Arc 140T Graphics,298000,In Stock,ryans.com,https://www.ryans.com/lenovo-yoga-pro-7i-14iah10-intel-core-ultra-9-285h-laptop
Lenovo,"Lenovo Yoga Book 9 14IAH10 Series 2 Intel Core Ultra 9 285H 32GB RAM, 1TB SSD 14 Inch 2.8K OLED WQXGA Display AI Optimized Tidal Teal Laptop",Intel Core Ultra,32GB,1TB SSD,"14""",Intel Arc 140T Graphics,299000,In Stock,ryans.com,https://www.ryans.com/lenovo-yoga-book-9-14iah10-series-2-intel-core-ultra-9-285h-laptop
ASUS,Asus ROG Strix G16 G614PP AMD Ryzen 9 8940HX 16GB RAM 1TB SSD 16 Inch 2.5K QHD+ Display Eclipse Gray Gaming Laptop,AMD Ryzen 9,16GB,1TB SSD,"16""",Nvidia RTX 5070 Graphics,307000,In Stock,ryans.com,https://www.ryans.com/asus-rog-strix-g16-g614pp-amd-ryzen-9-8940hx-gaming-laptop
ASUS,ASUS ROG Strix G16 G615LM Intel Core Ultra 9 275HX 16GB RAM 1TB SSD 16 Inch FHD+ WUXGA Display Copilot & AI Optimized Volt Green Gaming Laptop,Intel Core Ultra,16GB,1TB SSD,"16""",Nvidia RTX 5060 Graphics,312000,In Stock,ryans.com,https://www.ryans.com/asus-rog-strix-g16-g615lm-laptop
Apple,Apple MacBook Pro (Late 2025) 24GB RAM 1TB SSD 14.2 Inch Liquid Retina XDR Display Silver Laptop,Apple MacBook Pro,24GB,1TB SSD,"14.2""",Apple 10-Core GPU,315000,In Stock,ryans.com,https://www.ryans.com/apple-macbook-pro-late-2025-24gb-ram-laptop
Apple,"Apple MacBook Pro (Late 2025) Apple M5 Chip 24GB RAM, 1TB SSD 14.2 Inch Liquid Retina XDR Display Space Black Laptop #MDE34xx/A",Apple MacBook Pro,24GB,1TB SSD,"14.2""",Apple 10-Core GPU,315000,In Stock,ryans.com,https://www.ryans.com/apple-macbook-pro-late-2025-apple-m5-chip-24gb-ram-laptop
Lenovo,Lenovo Yoga Slim 7i Ultra 14IPH11 Intel Core Ultra 7 355 32GB RAM 1TB SSD 2.8K Touch Display Win 11 Cosmic Blue Laptop,Intel Core Ultra,32GB,1TB SSD,"14""",Intel Graphics,315000,In Stock,ryans.com,https://www.ryans.com/lenovo-yoga-slim-7i-ultra-14iph11-laptop
Lenovo,"Lenovo Legion 5 Gaming 15IRX10 14th Gen Intel Core i9 14900HX 32GB RAM, 1TB SSD 15.1 Inch 2.5K QHD WQXGA OLED Display AI Optimized Eclipse Black Gaming Laptop #83LY006XLK-2Y",Intel Core i9,32GB,1TB SSD,"15.1""",Nvidia RTX 5070 Graphics,316500,In Stock,ryans.com,https://www.ryans.com/lenovo-legion-5-gaming-15irx10-14th-gen-intel-core-i9-14900hx-32gb-ram-gaming-laptop
ASUS,ASUS TUF Gaming F16 FX608JPR Intel Core i7 14650HX 32GB RAM 1TB SSD 16 Inch FHD+ WUXGA Jaeger Gray Gaming Laptop,Intel Core i7,32GB,1TB SSD,"16""",Nvidia RTX 5070 Graphics,318000,In Stock,ryans.com,https://www.ryans.com/asus-tuf-gaming-f16-fx608jpr-14th-gen-intel-core-i7-14650hx-gaming-laptop
Apple,Apple MacBook Pro (Late 2025) Apple M5 (10-Core) Chip 32GB RAM 1TB SSD 14.2 Inch Liquid Retina XDR Display Space Black Laptop,Apple MacBook Pro,32GB,1TB SSD,"14.2""",Apple 10-Core GPU,324000,In Stock,ryans.com,https://www.ryans.com/apple-macbook-pro-late-2025-apple-m5-chip-32gb-ram-laptop
Apple,"Apple MacBook Pro (Late 2025) Apple M5 Chip 32GB RAM, 1TB SSD 14.2 Inch Liquid Retina XDR Display Silver Laptop #MJ3E4xx/A",Apple MacBook Pro,32GB,1TB SSD,"14.2""",Apple 10-Core GPU,324000,In Stock,ryans.com,https://www.ryans.com/apple-macbook-pro-late-2025-apple-m5-chip-32gb-ram-1tb-ssd-laptop
Acer,"Acer Predator Helios Neo 16S AI PHN16S-71 Series 2 Intel Core Ultra 7 255HX 16GB RAM, 1TB SSD 16 Inch 2.5K QHD+ WQXGA OLED Display Copilot & AI Optimized Gaming Laptop",Intel Core Ultra,16GB,1TB SSD,"16""",Nvidia RTX 5070 Graphics,325000,In Stock,ryans.com,https://www.ryans.com/acer-predator-helios-neo-16s-ai-phn16s-71-series-2-intel-core-ultra-7-255hx-16gb-ram-gaming-laptop
Lenovo,Lenovo Legion Pro 5i 16IAX10 Intel Core Ultra 9 275HX 32GB RAM 1TB SSD 16 Inch 2.5K QHD WQXGA Display Eclipse Black Gaming Laptop,Intel Core Ultra,32GB,1TB SSD,"16""",Nvidia RTX 5060 Graphics,325000,In Stock,ryans.com,https://www.ryans.com/lenovo-legion-pro-5i-16iax10-intel-core-ultra-9-275hx-gaming-laptop
ASUS,Asus ROG Strix G16 G614PP AMD Ryzen 9 8940HX 32GB RAM 1TB SSD 16 Inch 2.5K QHD+ Display Eclipse Gray Gaming Laptop,AMD Ryzen 9,32GB,1TB SSD,"16""",Nvidia RTX 5070 Graphics,332000,In Stock,ryans.com,https://www.ryans.com/asus-rog-strix-g16-g614pp-amd-ryzen-9-8940hx-32-gb-gaming-laptop
MSI,MSI Stealth 16 AI A2HWFG Intel Core Ultra 9 285H 32GB RAM 1TB SSD 16 Inch QHD+ Display Copilot & AI Optimized Core Black Gaming Laptop,Intel Core Ultra,32GB,1TB SSD,"16""",Nvidia RTX 5060 Graphics,333000,In Stock,ryans.com,https://www.ryans.com/msi-stealth-16-ai-a2hwfg-intel-core-ultra-9-285h-gaming-laptop
HP,HP OMEN Gaming 16-am0333TX Intel Core i9 14900HX 32GB RAM 1TB SSD 16 Inch 2.5K QHD WQXGA Display Shadow Black Gaming Laptop,Intel Core i9,32GB,1TB SSD,"16""",Nvidia RTX 5070 Graphics,336000,In Stock,ryans.com,https://www.ryans.com/hp-omen-gaming-16-am0333tx-intel-core-i9-14900hx-gaming-laptop
Lenovo,"Lenovo ThinkPad X1 Carbon Gen 13 Intel Core Ultra 7 255H 32GB RAM 1TB SSD, 14 Inch FHD+ WUXGA Display Black Laptop",Intel Core Ultra,32GB,1TB SSD,"14""",Intel Arc 140T  Graphics,337000,In Stock,ryans.com,https://www.ryans.com/lenovo-thinkpad-x1-carbon-gen-13-intel-core-ultra-7-255h-laptop
Acer,"Acer Predator Helios Neo 16S AI PHN16S-71 Series 2 Intel Core Ultra 9 275HX 16GB RAM, 1TB SSD 16 Inch 2.5K QHD+ WQXGA OLED Display Copilot & AI Optimized Abyssal Black Gaming Laptop",Intel Core Ultra,16GB,1TB SSD,"16""",Nvidia RTX 5070 Graphics,340000,In Stock,ryans.com,https://www.ryans.com/acer-predator-helios-neo-16s-ai-phn16s-71-series-2-intel-core-ultra-9-275hx-gaming-laptop
Apple,Apple MacBook Pro (Early 2026) Apple M5 Pro (15-Core) Chip 24GB RAM 1TB SSD 14.2 Inch Liquid Retina XDR Display Space Black Laptop,Apple MacBook Pro,24GB,1TB SSD,"14.2""",Apple 16-Core GPU,355000,In Stock,ryans.com,https://www.ryans.com/apple-macbook-pro-early-2026-apple-m5-pro-chip-laptop
Apple,Apple MacBook Pro (Early 2026) Apple M5 Pro (15-Core) Chip 24GB RAM 1TB SSD 14.2 Inch Liquid Retina XDR Display Silver Laptop,Apple MacBook Pro,24GB,1TB SSD,"14.2""",Apple 16-Core GPU,355000,In Stock,ryans.com,https://www.ryans.com/apple-macbook-pro-early-2026-apple-m5-pro-chip-24gb-ram-laptop
Acer,Acer Predator Helios Neo 16S AI PHN16S-71 Intel Core Ultra 9 275HX 32GB RAM 1TB SSD 16 Inch 2.5K QHD+ WQXGA Display Copilot & AI Optimized Abyssal Black Gaming Laptop,Intel Core Ultra,32GB,1TB SSD,"16""",Nvidia RTX 5070 Graphics,360000,In Stock,ryans.com,https://www.ryans.com/acer-predator-helios-neo-16s-ai-phn16s-71-intel-core-ultra-9-275hx-32gb-ram-laptop
MSI,MSI Stealth 16 AI A2HWGG Intel Core Ultra 9 285H 32GB RAM 1TB SSD 16 Inch QHD+ Display Core Black Gaming Laptop,Intel Core Ultra,32GB,1TB SSD,"16""",Nvidia RTX 5070 Graphics,360000,In Stock,ryans.com,https://www.ryans.com/msi-stealth-16-ai-a2hwgg-intel-core-ultra-9-285h-gaming-laptop
ASUS,ASUS ROG Strix G16 G615LP Intel Core Ultra 9 275HX 32GB RAM 1TB SSD 16 Inch 2.5K QHD+ WQXGA Display Copilot & AI Optimized Volt Green Gaming Laptop,Intel Core Ultra,32GB,1TB SSD,"16""",Nvidia RTX 5070 Graphics,377000,In Stock,ryans.com,https://www.ryans.com/asus-rog-strix-g16-g615lp-gaming-laptop
Apple,Apple MacBook Pro (Early 2026) Apple M5 Pro Chip 24GB RAM 2TB SSD 14.2 Inch Liquid Retina XDR Display Space Black Laptop,Apple MacBook Pro,24GB,2TB SSD,"14.2""",Apple 16-Core GPU,405000,In Stock,ryans.com,https://www.ryans.com/apple-macbook-pro-early-2026-apple-m5-pro-chip-24gb-ram-space-black-laptop
Apple,Apple MacBook Pro (Early 2026) Apple M5 Pro Chip 24GB RAM 2TB SSD 14.2 Inch Liquid Retina XDR Display Silver Laptop,Apple MacBook Pro,24GB,2TB SSD,"14.2""",Apple 16-Core GPU,405000,In Stock,ryans.com,https://www.ryans.com/apple-macbook-pro-early-2026-apple-m5-pro-chip-2tb-ssd-silver-laptop
Apple,Apple MacBook Pro Early 2026 Apple M5 Pro 18-Core Chip 48GB RAM 1TB SSD 14.2 Inch Display Silver Laptop,Apple MacBook Pro,48GB,1TB SSD,"14.2""",Apple 20-Core GPU,410000,In Stock,ryans.com,https://www.ryans.com/apple-macbook-pro-early-2026-apple-m5-pro-laptop
ASUS,Asus ROG Zephyrus G14 GA403WP AMD Ryzen AI 9 HX 370 32GB RAM 2TB SSD 14 Inch 3K OLED WQHD Platinum White Gaming Laptop,AMD Ryzen AI,32GB,2TB SSD,"14""",Nvidia RTX 5070 Graphics,428000,In Stock,ryans.com,https://www.ryans.com/asus-rog-zephyrus-g14-ga403wp-amd-ryzen-ai-9-hx-370-gaming-laptop
Apple,Apple MacBook Pro (Early 2026) Apple M5 Pro (18-Core) Chip 24GB RAM 2TB SSD 14.2 Inch Liquid Retina XDR Display Silver Laptop,Apple MacBook Pro,24GB,2TB SSD,"14.2""",Apple 20-Core GPU,430000,In Stock,ryans.com,https://www.ryans.com/apple-macbook-pro-early-2026-apple-m5-pro-chip-24gb-ram-liquid-retina-laptop
Apple,Apple MacBook Pro (Early 2026) Apple M5 Pro (18-Core) Chip 24GB RAM 2TB SSD 14.2 Inch Liquid Retina XDR Display Space Black Laptop,Apple MacBook Pro,24GB,2TB SSD,"14.2""",Apple 20-Core GPU,430000,In Stock,ryans.com,https://www.ryans.com/apple-macbook-pro-early-2026-apple-m5-pro-18-core-space-black-laptop
MSI,MSI Vector 16 HX AI A2XWIG Series 2 Intel Core Ultra 9 275HX 16GB RAM 1TB SSD 16 Inch QHD+ Display Copilot & AI Optimized Cosmos Gray Gaming Laptop,Intel Core Ultra,16GB,1TB SSD,"16""",Nvidia RTX 5080 Graphics,449900,In Stock,ryans.com,https://www.ryans.com/msi-vector-16-hx-ai-a2xwig-gaming-laptop
ASUS,ASUS Zenbook Duo UX8407AA Core Ultra X7 358H 32GB RAM 1TB SSD Dual 14 Inch 3K Touch OLED Moher Gray Laptop,,32GB,1TB SSD,"14""",Intel Arc B390 Graphics,482900,In Stock,ryans.com,https://www.ryans.com/asus-zenbook-duo-ux8407aa-laptop
Apple,Apple MacBook Pro (Early 2026) Apple M5 Pro Chip 48GB RAM 1TB SSD 16.2 Inch Liquid Retina XDR Display Space Black Laptop,Apple MacBook Pro,48GB,1TB SSD,"16.2""",Apple 20-Core GPU,490000,In Stock,ryans.com,https://www.ryans.com/apple-macbook-pro-early-2026-apple-m5-pro-chip-space-black-laptop
ASUS,Asus ROG Zephyrus G16 GU605CR Series 2 Intel Core Ultra 9 285H 32GB RAM 1TB SSD 16 Inch 2.5K QHD+ WQXGA Display AI Optimized Platinum White Gaming Laptop,Intel Core Ultra,32GB,1TB SSD,"16""",Nvidia RTX 5070 Ti Graphics,490000,In Stock,ryans.com,https://www.ryans.com/asus-rog-zephyrus-g16-gu605cr-series-2-intel-core-ultra-9-285h-gaming-laptop
Apple,Apple MacBook Pro (Early 2026) Apple M5 Pro (18-Core) Chip 48GB RAM 1TB SSD 16.2 Inch Liquid Retina XDR Silver Laptop,Apple MacBook Pro,48GB,1TB SSD,"16.2""",Apple 20-Core GPU,500000,In Stock,ryans.com,https://www.ryans.com/apple-macbook-pro-early-2026-apple-m5-pro-chip-48gb-ram-1tb-ssd-laptop
Apple,Apple MacBook Pro (Early 2026) Apple M5 Max (18-Core) Chip 36GB RAM 2TB SSD 14.2 Inch Liquid Retina XDR Display Space Black Laptop,Apple MacBook Pro,36GB,2TB SSD,"14.2""",Apple 32-Core GPU,560000,In Stock,ryans.com,https://www.ryans.com/apple-macbook-pro-early-2026-apple-m5-max-chip-36gb-ram-liquid-retina-laptop
Apple,Apple MacBook Pro (Early 2026) Apple M5 Max (18-Core) Chip 36GB RAM 2TB SSD 14.2 Inch Liquid Retina XDR Display Silver Laptop,Apple MacBook Pro,36GB,2TB SSD,"14.2""",Apple 32-Core GPU,560000,In Stock,ryans.com,https://www.ryans.com/apple-macbook-pro-early-2026-apple-m5-max-chip-36gb-ram-laptop
Apple,Apple MacBook Pro (Early 2026) Apple M5 Max (18-Core) Chip 36GB RAM 2TB SSD 16.2 Inch Liquid Retina XDR Display Space Black Laptop,Apple MacBook Pro,36GB,2TB SSD,"16.2""",Apple 32-Core GPU,610000,In Stock,ryans.com,https://www.ryans.com/apple-macbook-pro-early-2026-apple-m5-max-chip-36gb-ram-2tb-ssd-liquid-retina-laptop
Apple,Apple MacBook Pro (Early 2026) Apple M5 Max (18-Core) Chip 36GB RAM 2TB SSD 16.2 Inch Liquid Retina XDR Display Silver Laptop,Apple MacBook Pro,36GB,2TB SSD,"16.2""",Apple 32-Core GPU,610000,In Stock,ryans.com,https://www.ryans.com/apple-macbook-pro-early-2026-apple-m5-max-chip-36gb-ram-2tb-ssd-laptop
MSI,MSI Raider 18 HX AI A2XWJG Intel Core Ultra 9 285HX 32GB RAM 2TB SSD 18 Inch 4K UHD+ Display Core Black Gaming Laptop,Intel Core Ultra,32GB,2TB SSD,"18""",Nvidia RTX 5090 Graphics,630000,In Stock,ryans.com,https://www.ryans.com/msi-raider-18-hx-ai-a2xwjg-intel-core-ultra-9-285hx-gaming-laptop
ASUS,ASUS ROG Strix SCAR 18 G835LX Series 2 Intel Core Ultra 9 275HX 64GB RAM 1TB SSD 18 Inch 2.5K QHD+ WQXGA Display Copilot & AI Optimized Off Black Gaming Laptop,Intel Core Ultra,64GB,1TB SSD,"18""",Nvidia RTX 5090 Graphics,649990,In Stock,ryans.com,https://www.ryans.com/asus-rog-strix-scar-18-g835lx-series-2-intel-core-ultra-9-275hx-gaming-laptop
Acer,"Acer Predator Helios 16 AI PH16-73 Series 2 Intel Core Ultra 9 275HX 32GB RAM, 2TB SSD 16 Inch 2.5K QHD+ WQXGA OLED Display Copilot & AI Optimized Abyssal Black Gaming Laptop",Intel Core Ultra,32GB,2TB SSD,"16""",NVIDIA GeForce RTX 5090 Graphics,660000,In Stock,ryans.com,https://www.ryans.com/acer-predator-helios-16-ai-ph16-73-series-2-intel-core-ultra-9-275hx-gaming-laptop
Apple,Apple MacBook Pro (Early 2026) Apple M5 Max Chip 48GB RAM 2TB SSD 16.2 Inch Liquid Retina XDR Display Standard Glass Silver Laptop,Apple MacBook Pro,48GB,2TB SSD,"16.2""",Apple 40-Core GPU,695000,In Stock,ryans.com,https://www.ryans.com/apple-macbook-pro-early-2026-apple-m5-max-chip-48gb-ram-laptop
Microsoft,"Microsoft 13"" Surface Laptop Snapdragon X Plus 8 Core 13.8"" PixelSense Touch Copilot+ PC Laptop",Qualcomm Snapdragon X Plus 8 Core,16GB LPDDR5x,256GB PCIe 4.0 SSD,"13.8"" (1920 x 1280) PixelSense, IPS, 60Hz, Touch",45 graphics boost up to 1107MHz,145000,In Stock,startech.com.bd,https://www.startech.com.bd/microsoft-13-inch-surface-laptop
Lenovo,"Lenovo Legion 5 15AKP10 Ryzen AI 7 350 RTX 5070 8GB Graphics 15.1"" WQXGA OLED Gaming Laptop","AMD Ryzen AI 7 350 (8C / 16T, 2.0 / 5.0GHz, 8MB L2 / 16MB L3)",32GB DDR5-5600,512GB M.2 2242 PCIe 4.0x4 NVMe SSD,"RGB Backlit Keyboard, E-shutter, Wi-Fi 7, 165Hz OLED Display","GeForce RTX 5070 8GB GDDR7, Boost Clock 2347MHz",270000,In Stock,startech.com.bd,https://www.startech.com.bd/lenovo-legion-5-15akp10-laptop
ASUS,"ASUS Vivobook Go 14 EB595W Ryzen 5 7520U 14"" FHD Laptop","AMD Ryzen 5 7520U (6MB Cache, Up to 4.3GHz)",16GB LPDDR5,512GB M.2 NVMe PCIe 3.0 SSD,"14"" FHD (1920X1080) 16:9, LED Backlit, 60Hz refresh rate, 250nits",Integrated AMD Radeon Graphics deliver smooth images for everyday tasks,93000,In Stock,startech.com.bd,https://www.startech.com.bd/asus-vivobook-go-14-eb595w-laptop
Microsoft,"Microsoft Surface Pro 10 Core Ultra 5 135U 13"" 120Hz Touch Laptop","Intel Core Ultra 5 135U (12M Cache, up to 4.40 GHz)",,16GB LPDDR5 Storage: 256GB SSD,"13"" 2880x1920 Multi-touch",resulting in fluid and colorful graphics,160000,In Stock,startech.com.bd,https://www.startech.com.bd/microsoft-surface-pro-10-touch-laptop
Chuwi,Chuwi GemiBook XPro Intel Celeron N100 14.1 inch Full HD Laptop,"Intel Celeron N100 (4M Cache, 0.8GHz - 3.4GHz)",8GB DDR4,256GB M.2 2280 SSD,14.1 Inch(1920 x 1080) IPS Anti-Glare Display,,,Out of Stock,startech.com.bd,https://www.startech.com.bd/chuwi-gemibook-xpro-laptop
Lenovo,"Lenovo Legion 5 15AKP10 Ryzen AI 7 350 RTX 5060 8GB Graphics 15.1"" WQXGA OLED Gaming Laptop","AMD Ryzen AI 7 350 (8C / 16T, 2.0 / 5.0GHz, 8MB L2 / 16MB L3)",32GB DDR5-5600,512GB M.2 2242 PCIe 4.0x4 NVMe SSD,"RGB Backlit Keyboard, E-shutter, Wi-Fi 7, 165Hz OLED Display","GeForce RTX 5060 8GB GDDR7, Boost Clock 2497MHz",240000,In Stock,startech.com.bd,https://www.startech.com.bd/lenovo-legion-5-15akp10-rtx-5060-laptop
Apple,"MacBook Air M4 Chip 13-inch (10‑core CPU, 10 core GPU)","Apple M4 chip with 10‑core CPU, 10 core GPU, 16‑core Neural Engine",16GB,512GB SSD,13.6-inch Liquid Retina display (2560x1664) with True Tone,and graphics performance is noticeably improved,165000,In Stock,startech.com.bd,https://www.startech.com.bd/macbook-air-m4-13-inch-10-core-gpu
Walton,"Walton Prelude N41 Pro Celeron N4120 14"" FHD Laptop","Intel Celeron N4120 (4MB Cache, 1.10 GHz up to 2.60 GHz)",8GB DDR4,256GB SSD,"14"" FHD (1920x1080)",Intel UHD Graphics 600,27500,In Stock,startech.com.bd,https://www.startech.com.bd/walton-prelude-n41-pro-celeron-n4120-laptop
Lenovo,"Lenovo Legion Pro 5 16ADR10 Ryzen 7 8745HX RTX 5060 8GB Graphics 24GB RAM 16"" OLED Gaming Laptop","AMD Ryzen 7 8745HX (8C / 16T, 3.6 / 5.1GHz, 8MB L2 / 32MB L3)",24GB DDR5-5200,1TB M.2 2242 PCIe 4.0x4 NVMe SSD,,"GeForce RTX 5060 8GB GDDR7, Boost Clock 2497MHz",240000,In Stock,startech.com.bd,https://www.startech.com.bd/lenovo-legion-pro-5-16adr10-24gb-ram-laptop
Microsoft,"Microsoft Surface Pro 11th Edition Snapdragon X Elite 13"" OLED 120Hz Copilot+ PC Touch Laptop",Qualcomm Snapdragon X Elite 12 Core 3.8 GHz,16GB LPDDR5x,1TB PCIe 4.0 SSD,"13"" OLED (2880x1920) HDR Touchscreen, 120hz",It features an integrated Qualcomm Adreno GPU for smooth graphics and visual ren,198000,In Stock,startech.com.bd,https://www.startech.com.bd/microsoft-surface-pro-11th-edition-laptop
Walton,"Walton Prelude N50 Pro Pentium Silver N5030 14"" FHD Laptop","Intel Pentium Silver N5030 (4MB Cache, 1.10 GHz up to 3.10 GHz)",8GB DDR4,256GB SSD,"14"" FHD (1920x1080)",Intel UHD Graphics 605,29000,In Stock,startech.com.bd,https://www.startech.com.bd/walton-prelude-n50-pro-pentium-silver-n5030-laptop
Apple,MacBook Air M4 Chip 15-inch,"Apple M4 chip with 10‑core CPU, 10‑core GPU, 16‑core Neural Engine",16GB Unified Memory,256GB SSD,15.3-inch Liquid Retina display (2880 x1864) with True Tone,,168000,In Stock,startech.com.bd,https://www.startech.com.bd/apple-macbook-air-m4-15-inch
HP,"HP 15-fd0807TU Intel Core i3 13th Gen 15.6"" FHD Laptop","Intel Core i3 13th Gen (10MB, Up to 4.5 GHz)",8GB DDR4 3200Mhz,512GB PCIe NVMe M.2 SSD,"15.6"" FHD (1920 x 1080), Anti-glare, 62.5% sRGB, 250nits",With Intel UHD Graphics,65990,In Stock,startech.com.bd,https://www.startech.com.bd/hp-15-fd0807TU-core-i3-13th-gen-laptop
Lenovo,"Lenovo IdeaPad Slim 3 15ABR8 Ryzen 5 5625U 15.6"" FHD Laptop","AMD Ryzen 5 5625U (16MB L3 Cache, Up to 4.3GHz)",8GB DDR4-3200,512GB M.2 2242 PCIe 4.0x4 NVMe SSD,"15.6"" FHD (1920x1080) TN 250nits Anti-glare",Integrated AMD Radeon Graphics handles everyday visuals,74000,In Stock,startech.com.bd,https://www.startech.com.bd/lenovo-ideapad-slim-3-15abr8-ryzen-5-5625u-laptop
Lenovo,"Lenovo IdeaPad Slim 3 15ABR8 Ryzen 5 5625U 16GB RAM 15.6"" FHD Laptop","AMD Ryzen 5 5625U (16MB L3 Cache, Up to 4.3GHz)",16GB DDR4-3200,512GB M.2 2242 PCIe 4.0x4 NVMe SSD,"15.6"" FHD (1920x1080) IPS 300nits Anti-glare",Integrated AMD Radeon Graphics handles everyday visuals,85000,In Stock,startech.com.bd,https://www.startech.com.bd/lenovo-ideapad-slim-3-15abr8-ryzen-5-5625u-16gb-ram-laptop
Lenovo,"Lenovo IdeaPad 1 15AMN7 Ryzen 5 7520U 15.6"" FHD Laptop","AMD Ryzen 5 7520U (4C / 8T, Max. 4.3GHz, 4MB L3)",16GB LPDDR5-5500,512GB M.2 2242 PCI 4.0x4 NVMe SSD,"15.6"" FHD (1920x1080) IPS 250nits Anti-glare",Integrated AMD Radeon 610M graphics handles everyday visual tasks including vide,81000,In Stock,startech.com.bd,https://www.startech.com.bd/lenovo-ideapad-1-15amn7-ryzen-5-laptop
Lenovo,"Lenovo IdeaPad Slim 3 15ABR8 Ryzen 7 5825U 15.6"" Laptop With Backlit Keyboard & Fingerprint","AMD Ryzen 7 5825U (8-core/16-thread, 16MB cache, up to 4.5 GHz)",16GB DDR4,512GB SSD,"15.6"" FHD (1920x1080)",The Lenovo IdeaPad Slim 3 15ABR8 is equipped with integrated AMD Radeon graphics,90000,In Stock,startech.com.bd,https://www.startech.com.bd/lenovo-ideapad-slim-3-15abr8-ryzen-7-fhd-laptop
Lenovo,"Lenovo IdeaPad Slim 3 15ABR8 Ryzen 7 5825U 15.6"" FHD Laptop With Fingerprint","AMD Ryzen 7 5825U (8C / 16T, 4.5GHz, 16MB L3)",16GB DDR4-3200,512GB M.2 2242 PCIe 4.0x4 NVMe SSD,"15.6"" FHD (1920x1080) IPS 300nits Anti-glare",,90000,In Stock,startech.com.bd,https://www.startech.com.bd/lenovo-ideapad-slim-3-15abr8-laptop-with-fingerprint
Walton,"Walton Passion BX510U Core i5 10th Gen 15.6"" FHD Laptop","Intel Core i5-10210U (6M Cache, 1.60 GHz up to 4.20 GHz)",8GB 2666MHz,512GB SATA III M.2 2280 SSD,"15.6"" FHD (1920 x 1080)",This laptop is integrated with Intel UHD Graphics and comes with a 15,46500,In Stock,startech.com.bd,https://www.startech.com.bd/walton-passion-bx510u-core-i5-10th-gen-laptop
MSI,MSI Stealth A16 AI+ A3XWJG Ryzen AI 9 HX 370 RTX 5090 24GB Graphics 16” QHD+ 240Hz OLED Gaming Laptop Copilot+PC,"AMD Ryzen AI 9 HX 370 (24MB L3 Cache, Up to 5.1GHz)",64GB LPDDR5x,2TB NVMe PCIe Gen4 M.2 SSD,"RGB Keyboard,Fingerprint, Webcam Shutter, 240Hz OLED Display",NVIDIA GeForce RTX 5090 24GB GDDR7 Laptop GPU,620000,In Stock,startech.com.bd,https://www.startech.com.bd/msi-stealth-a16-ai-plus-a3xwjg-laptop
Lenovo,"Lenovo IdeaPad Flex 5 14ABR8 Ryzen 5 5625U 14"" WUXZA Touch Laptop","AMD Ryzen 5 5625U (6-core/12-thread, 16MB cache, up to 4.3 GHz)",16GB LPDDR4x-4266,512GB M.2 2242 PCIe 4.0x4 NVMe SSD,"14"" WUXGA (1920x1200) IPS 300nits 60Hz, Touch",Graphics deliver smooth visuals for casual gaming,97000,In Stock,startech.com.bd,https://www.startech.com.bd/lenovo-ideapad-flex-5-14abr8-ryzen-5-laptop
MSI,"MSI Raider 18 HX AI A2XWJG Core Ultra 9 285HX RTX 5090 24GB Graphics 18"" UHD+ MiniLED 120Hz Gaming Laptop","Intel Core Ultra 9 285HX (24 Core, 24 Threads, Up to 5.5 GHz)",32GB DDR5 6400MHz,2TB NVMe PCIe Gen5x4 SSD,,NVIDIA GeForce RTX 5090 GDDR7 24GB Graphics with 1824 AI TOPS,630000,In Stock,startech.com.bd,https://www.startech.com.bd/msi-raider-18-hx-ai-a2xwjg-gaming-laptop
Smart,"Smart Flairedge Core i5 13th Gen 15.6"" FHD Laptop","Intel Core i5-1315U (12MB Smart Cache, Up to 4.5 GHz)",8GB DDR4,512GB NVMe PCIe SSD,"15.6"" FHD (1920x1080) Anti-Glare",For graphics,59500,In Stock,startech.com.bd,https://www.startech.com.bd/smart-flairedge-core-i5-13th-gen-laptop
MSI,"MSI Katana 15 HX B14WEK Core i9 14th Gen RTX 5050 8GB Graphics 15.6"" QHD Gaming Laptop","Intel Core i9-14900HX (36MB Cache, up to 5.8GHz)",16GB DDR5,512GB NVME PCIe GEN4x4 SSD,,NVIDIA GeForce RTX 5050 8GB GDDR7,220000,In Stock,startech.com.bd,https://www.startech.com.bd/msi-katana-15-hx-b14wek-core-i9-qhd-gaming-laptop
ASUS,"ASUS Vivobook 16X K3605VC Core i5 13th Gen RTX 3050 4GB Graphics 16"" WUXGA Laptop",Intel Core i5-13420H (Up to 4.6 GHz),8GB DDR4,512GB M.2 PCIe 4.0 SSD,,Nvidia RTX 3050 4GB GDDR6 Graphics,103000,In Stock,startech.com.bd,https://www.startech.com.bd/asus-vivobook-16x-k3605vc-laptop
Lenovo,"Lenovo ThinkPad E14 Gen 6 Core Ultra 5 125U 14"" WUXGA Laptop","Intel Core Ultra 5 125U (12MB Cache, Up to 4.30 GHz)",8GB DDR5 5600MHz,512GB PCIe NVMe M.2 SSD,"14"" IPS WUXGA (1920 x 1200), Anti-glare, 300nits",Integrated with Intel UHD Graphics and a 12MB cache,107000,In Stock,startech.com.bd,https://www.startech.com.bd/lenovo-thinkpad-e14-gen-6-laptop
Dell,"Dell 15 DC15250 Core 3 100U 15.6"" FHD Laptop","Intel Core 3 100U (6 cores, up to 4.7 GHz)",8GB DDR4 3200 MHz,512GB M.2 PCIe NVMe SSD,"15.6"" FHD, 120Hz, WVA, IPS, Anti-Glare, 250 nits",s integrated Intel UHD Graphics support everyday visuals and media playing effec,64000,In Stock,startech.com.bd,https://www.startech.com.bd/dell-15-dc15250-laptop
MSI,"MSI Cyborg 15 B13WEKG Core i7 13th Gen RTX 5050 8GB Graphics 15.6"" FHD Gaming Laptop","Intel Core i7-13620H (24 MB Cache, Up to 4.90 GHz)",16GB DDR5 5200MHz,512GB NVMe PCIe Gen4x4 SSD,,NVIDIA GeForce RTX 5050 Laptop GPU 8GB GDDR7,170000,In Stock,startech.com.bd,https://www.startech.com.bd/msi-cyborg-15-b13wekg-core-i7-rtx-5050-laptop
MSI,"MSI Cyborg A15 AI B2HWFKG Ryzen 7 260 RTX 5060 8GB Graphics 144hz 15.6"" FHD IPS Gaming Laptop Copilot+PC","AMD RYZEN 7 260 (24MB L3 Cache, Up to 5.1GHz)",16GB DDR5,512GB NVMe PCIe Gen4 M.2 SSD,"RGB Keyboard, Fingerprint, Webcam Shutter, 144Hz IPS Display",NVIDIA GeForce RTX 5060 8GB GDDR7 Laptop GPU,175000,In Stock,startech.com.bd,https://www.startech.com.bd/msi-cyborg-a15-ai-b2hwfkg-laptop
Lenovo,"Lenovo ThinkPad E14 Gen 7 Core Ultra 5 225U 14"" WUXGA Laptop","Intel Core Ultra 5 225U (12MB Cache, Up to 4.8GHz)",8GB DDR5 5600MHz,512GB M.2 PCIe 4.0x4 NVMe Opal 2.0,"14"" WUXGA (1920x1200) IPS 300nits Anti-glare, 45% NTSC, 60Hz",Laptop includes integrated Intel Graphics,112000,In Stock,startech.com.bd,https://www.startech.com.bd/lenovo-thinkpad-e14-gen-7-laptop-black
Lenovo,"Lenovo IdeaPad Slim 5 13ARP10 Ryzen 7 7735HS 13.3"" WUXGA Laptop","AMD Ryzen 7 7735HS (8C / 16T, Up to 4.75GHz)",16GB LPDDR5x 6400MHz; Storage: 512GB SSD,512GB SSD,"13.3"" WUXGA (1920x1200) IPS 400 nits Anti-glare",while integrated AMD Radeon 680M graphics support smooth multimedia performance,,Out of Stock,startech.com.bd,https://www.startech.com.bd/lenovo-ideapad-slim-5-13arp10-ryzen-7-laptop
Lenovo,"Lenovo IdeaPad 5 2-in-1 14AKP10 Ryzen AI 5 340 14"" WUXGA Touch Laptop","AMD Ryzen AI 5 340 (16MB Cache, Up to 4.8GHz)",16GB LPDDR5x-7500MHz,512GB PCIe 4.0x4 NVMe SSD,"14"" WUXGA (1920x1200) IPS, 300nits Glossy",while AMD Radeon 840M integrated graphics handle everyday graphics needs with ea,115000,In Stock,startech.com.bd,https://www.startech.com.bd/lenovo-ideapad-5-2-in-1-14akp10-touch-laptop
ASUS,"Asus Vivobook Go 15 E1504TA Intel N150 15.6"" FHD Laptop","Intel N150 (6MB Cache, up to 3.6 GHz)",8GB LPDDR5,512GB M.2 NVMe PCIe 4.0 SSD,"15.6"" FHD (1920 x 1080), 60Hz, IPS, 250nits",FHD Laptop is perfect for everyday computing with an efficient Intel Processor N,61500,In Stock,startech.com.bd,https://www.startech.com.bd/asus-vivobook-go-15-e1504ta-laptop
Lenovo,"Lenovo IdeaPad Slim 5 14AKP10 Ryzen AI 7 350 14"" OLED Laptop","AMD Ryzen AI 7 350 ((8C / 16T, Up to 5.0GHz)",32GB DDR5-5600MHz; Storage: 512GB SSD,512GB SSD,"14"" WUXGA (1920x1200) OLED 400nits Glossy",Integrated AMD Radeon 820M Graphics handle everyday graphics tasks efficiently,139000,In Stock,startech.com.bd,https://www.startech.com.bd/lenovo-ideapad-slim-5-14akp10-ryzen-ai-7-350-laptop
ASUS,"Asus Vivobook Go 15 E1504TA Intel N150 15.6"" FHD Laptop Cool Silver","Intel N150 (6MB Cache, up to 3.6 GHz)",8GB LPDDR5,512GB M.2 NVMe PCIe 4.0 SSD,"15.6"" FHD (1920 x 1080), 60Hz, IPS, 250nits",FHD Laptop is perfect for everyday computing with an efficient Intel Processor N,61500,In Stock,startech.com.bd,https://www.startech.com.bd/asus-vivobook-go-15-e1504ta-laptop-cool-silver
Lenovo,"Lenovo Yoga 7 2-in-1 14AKP10 Ryzen AI 5 340 14"" WUXGA OLED Touch Laptop Tidal Teal","AMD Ryzen AI 5 340 (6C / 12T, 2.0 / 4.8GHz, 6MB L2 / 16MB L3)",16GB LPDDR5x-6400,1TB M.2 2242 PCIe 4.0x4 NVMe SSD,"14"" WUXGA (1920x1200) OLED, 60Hz, Dolby Vision, Glass, Touch",thanks to integrated AMD Radeon 840M graphics and a stunning 14,145000,In Stock,startech.com.bd,https://www.startech.com.bd/lenovo-yoga-7-2-in-1-14akp10-laptop-tidal-teal
Lenovo,"Lenovo Yoga 7 2-in-1 14AHP9 Ryzen 7 8840HS AI Integrated 14"" Touch Laptop","AMD Ryzen 7 8840HS (8C / 16T, 3.3 / 5.1GHz, 8MB L2 / 16MB L3) with NPU",16GB LPDDR5-6400,1TB M.2 PCIe Gen4 SSD,"14"" WUXGA (1920x1200) Touch",,155000,In Stock,startech.com.bd,https://www.startech.com.bd/lenovo-yoga-7-2-in-1-14ahp9-ryzen-7-8840hs-touch-laptop
Lenovo,"Lenovo IdeaPad 5 2-in-1 14AKP10 Ryzen AI 7 350 14"" WUXGA OLED Touch Laptop","AMD Ryzen AI 7 350 (16MB L3 Cache, Up to 5.0GHz)",24GB LPDDR5x-7500MHz,512GB PCIe 4.0x4 NVMe SSD,"14"" WUXGA (1920x1200) OLED, 500nits (peak), Glossy, Touch",Graphics are handled by the integrated AMD Radeon 860M graphics,155000,In Stock,startech.com.bd,https://www.startech.com.bd/lenovo-ideapad-5-2-in-1-14akp10-oled-laptop
Lenovo,"Lenovo Yoga 7 2-in-1 14AKP10 Ryzen AI 7 350 14"" WUXGA Touch OLED Laptop","AMD Ryzen AI 7 350 (8C / 16T, 2.0 / 5.0GHz, 8MB L2 / 16MB L3)",32GB LPDDR5x-7500,1TB M.2 2242 PCIe 4.0x4 NVMe SSD,"14"" WUXGA (1920x1200) OLED, 60Hz, Dolby Vision, Glass, Touch",thanks to integrated AMD Radeon 860M graphics and a stunning 14,175000,In Stock,startech.com.bd,https://www.startech.com.bd/lenovo-yoga-7-2-in-1-14akp10-ryzen-ai-7-350-laptop-tidal-teal
Lenovo,"Lenovo IdeaPad Slim 5 14AKP10 Ryzen AI 5 330 14"" IPS Laptop","AMD Ryzen AI 5 330 ((4C/8T, Up to 4.5GHz)",16GB DDR5-5600MHz; Storage: 512GB SSD,512GB SSD,"14"" WUXGA (1920x1200) IPS 300nits Anti-glare",Visual performance is handled by integrated AMD Radeon 820M Graphics,101500,In Stock,startech.com.bd,https://www.startech.com.bd/lenovo-ideapad-slim-5-14akp10-ryzen-ai-5-laptop
Lenovo,"Lenovo IdeaPad Flex 5 14ABR8 Ryzen 7 5825U 14"" WUXZA Touch Laptop","AMD Ryzen 7 5825U (8C / 16T, 2.0 / 4.5GHz, 4MB L2 / 16MB L3)",16GB LPDDR4x-4266,512GB M.2 2242 PCIe 4.0x4 NVMe SSD,"14"" WUXGA (1920x1200) IPS 300nits Glossy, 60Hz, Touch",dependable visual performance is guaranteed by integrated AMD Radeon Graphics,105000,In Stock,startech.com.bd,https://www.startech.com.bd/lenovo-ideapad-flex-5-14abr8-ryzen-7-5825u-laptop
Lenovo,"Lenovo Yoga 7 2-in-1 14AKP10 Ryzen AI 7 350 14"" WUXGA OLED Touch Laptop","AMD Ryzen AI 7 350 (8C / 16T, 2.0 / 5.0GHz, 8MB L2 / 16MB L3)",32GB LPDDR5x-7500,1TB M.2 2242 PCIe 4.0x4 NVMe SSD,"14"" WUXGA (1920x1200) OLED, 60Hz, Dolby Vision, Glass, Touch",Integrated AMD Radeon 860M graphics improve daily workload efficiency,175000,In Stock,startech.com.bd,https://www.startech.com.bd/lenovo-yoga-7-2-in-1-14akp10-ryzen-ai-7-350-laptop
Acer,"Acer Aspire 3 A325-45 Celeron N4500 12GB RAM 15.6"" HD Laptop","Intel Celeron N4500 (4M Cache, 1.10 GHz, up to 2.80 GHz)",12GB DDR4 3200Mhz,512GB SSD,"15.6"" HD, 60Hz",while Intel UHD Graphics provide reliable integrated performance for work,45800,In Stock,startech.com.bd,https://www.startech.com.bd/acer-aspire-3-a325-45-laptop
Acer,"Acer Aspire 3 A325-53 Core i5 13th Gen 1334U 15.6"" FHD Laptop","Intel Core i5-1334U (12M Cache, 3.40 GHz, up to 4.60 GHz)",8GB DDR4 3200Mhz,512GB SSD,"15.6"" FHD (1920x1080) IPS","Connectivity and Graphics
Equipped with integrated Intel UHD Graphics",,Out of Stock,startech.com.bd,https://www.startech.com.bd/acer-aspire-3-a325-53-core-i5-1334u-fhd-laptop
Acer,"Acer Aspire Lite AL15-53 Core i5 13th Gen 8GB IPS 15.6"" FHD Laptop","Intel Core i5-1334U (12M Cache, 3.40GHz up to 4.60GHz)",8GB DDR4,512GB NVMe SSD,IPS 15.6″ FHD (1920×1080),Integrated Intel UHD Graphics deliver smooth visuals for everyday computing and ,71500,In Stock,startech.com.bd,https://www.startech.com.bd/acer-aspire-lite-al15-53-core-i5-13th-gen-8gb-fhd-laptop
Acer,"Acer Aspire Lite AL15-53 Core i5 1334U 16GB IPS 15.6"" FHD Laptop","Intel Core i5-1334U (12M Cache, 3.40GHz up to 4.60GHz)",16GB DDR4,512GB SSD,IPS 15.6″ FHD (1920×1080),Integrated Intel UHD Graphics provide reliable visuals for work and entertainmen,74500,In Stock,startech.com.bd,https://www.startech.com.bd/acer-aspire-lite-al15-53-core-i5-13th-gen-fhd-laptop
Lenovo,"Lenovo IdeaPad Slim 3 15IRH8 Core i5 13th Gen 8GB RAM 15.6"" FHD Military Grade Laptop With FreeDOS","Intel Core i5-13420H (12MB Cache, 3.4GHz up to 4.6GHz)",8GB LPDDR5-4800,512GB M.2 PCIe 4.0x4 NVMe SSD,"15.6"" FHD (1920x1080) TN, 250nits Anti-glare",in Intel UHD Graphics and 8GB of LPDDR5,,Out of Stock,startech.com.bd,https://www.startech.com.bd/lenovo-ideapad-slim-3-15irh8-core-i5-13th-gen-8gb-ram-laptop
Acer,"Acer Aspire 15 AS15-42-R5 Ryzen 5 7430U 15.6"" FHD Laptop","Ryzen 5 7430U (16MB Cache, up to 4.30GHz)",16GB (8*2) DDR4 3200MHz,512GB PCIe Gen3 NVMe SSD,"15.6″ FHD (1920×1080) IPS LED Display, 60 Hz",,74900,In Stock,startech.com.bd,https://www.startech.com.bd/acer-aspire-15-as15-42-r5-ryzen-5-laptop
Dell,"Dell 15 DC15250 Core i5 13th Gen 15.6"" FHD Laptop","Intel Core i5-1334U (10 cores, up to 4.60 GHz)",8GB DDR4,512GB M.2 PCIe NVMe SSD,"15.6"" FHD, 120Hz, WVA, IPS, Anti-Glare, 250 nits",s integrated Intel UHD Graphics provides efficient visuals for daily chores,76500,In Stock,startech.com.bd,https://www.startech.com.bd/dell-15-dc15250-core-i5-laptop
Acer,"Acer Aspire 15 AS15-42-R7 Ryzen 7 7730U 15.6"" FHD Laptop","Ryzen 7 7730U (16MB L3 Cache, up to 4.30GHz)",16GB DDR4 3200MHz,512GB PCIe Gen3 NVMe SSD,"15.6″ FHD (1920×1080) IPS LED Display, 60 Hz",,84500,In Stock,startech.com.bd,https://www.startech.com.bd/acer-aspire-15-as15-42-r7-ryzen-7-laptop
Acer,"Acer TravelLite TL14-52M Core i5 13th Gen 8GB RAM 512GB Storage 14"" FHD Laptop","Intel Core i5-1335U (12 MB Cache, 3.40 GHz up to 4.60 GHz)",8GB 3200MHz,512GB Gen4 SSD,"14"" IPS FHD ((1920 x 1080))",The Intel UHD Graphics with a max dynamic frequency of 1,79900,In Stock,startech.com.bd,https://www.startech.com.bd/acer-travellite-tl14-52m-core-i5-13th-gen-14-inch-fhd-laptop
Acer,"Acer ALG AL15G-53 Core i5 13420H RTX 3050 6GB Graphics 15.6"" FHD Gaming Laptop",Intel Core i5-13420H Processor,16GB DDR4 RAM,1TB NVMe SSD,"15.6″ display with FHD 1920 x 1080, 144Hz, 45%NTSC :16:9 panel",NVIDIA GeForce RTX 3050 – 6GB DDR6,,Out of Stock,startech.com.bd,https://www.startech.com.bd/acer-alg-al15g-53-core-i5-13420h-gaming-laptop
Acer,"Acer ALG AL15G-53 Core 5 210H RTX 3050 6GB Graphics 15.6"" FHD Gaming Laptop",Intel Core 5 210H (up to 4.80 GHz),16GB DDR4 RAM,512GB NVMe SSD,"15.6″ display with FHD 1920 x 1080, 144Hz, 45%NTSC :16:9 panel",NVIDIA GeForce RTX 3050 - 6GB DDR6,122500,In Stock,startech.com.bd,https://www.startech.com.bd/acer-alg-al15g-53-core-5-rtx-3050-laptop
Acer,"Acer Swift Go 14 SFG14-73 Core Ultra 7 155H 14"" WQXGA+ OLED Laptop",Intel Core Ultra 7 155H (up to 4.8GHz),16GB LPDDR5x,1TB Gen4 SSD,"14"" WQXGA+ (2880 x1800) OLED",Graphics are powered by the Intel ARC GPU,146000,In Stock,startech.com.bd,https://www.startech.com.bd/acer-swift-go-14-sfg14-73-core-ultra-7-laptop
Acer,"Acer Predator Helios Neo 16S AI PHN16S-71-73WM Core Ultra 7 255HX RTX 5060 8GB GDDR7 Graphics 16"" Gaming Laptop","Intel Core Ultra 7 255HX (UP to 5.2 GHz, 20C, 20T, 30 MB Cache)",16GB DDR5 6400MHz,1TB NVMe SSD,,NVIDIA GeForce RTX 5060 8GB Graphics,279900,In Stock,startech.com.bd,https://www.startech.com.bd/acer-predator-helios-neo-16s-ai-phn16s-71-73wm-laptop
HP,"HP 15-fd0808TU Intel Core i3 13th Gen 15.6"" FHD Laptop Copilot+PC","Intel Core i3 13th Gen (10MB, Up to 4.5 GHz)",8GB DDR4 3200Mhz,512GB PCIe NVMe M.2 SSD,"15.6"" FHD (1920 x 1080), Anti-glare, 62.5% sRGB, 250nits",The Intel integrated SoC chipset and Integrated Intel UHD Graphics provide effec,65990,In Stock,startech.com.bd,https://www.startech.com.bd/hp-15-fd0808tu-intel-core-i3-laptop
HP,"HP 15-fd0176TU Intel Core i3 13th Gen 15.6"" FHD Laptop","Intel Core i3 13th Gen (10MB, Up to 4.5 GHz)",16GB DDR4 3200Mhz,512GB PCIe NVMe M.2 SSD,"15.6"" FHD (1920 x 1080), Anti-glare, 62.5% sRGB, 250nits",Equipped with Intel UHD Graphics processing,71000,In Stock,startech.com.bd,https://www.startech.com.bd/hp-15-fd0176tu-core-i3-13th-gen-laptop
Acer,Acer Predator Helios Neo 16S AI PHN16S-71 Core Ultra 7 255HX RTX 5050 8GB GDDR7 Graphics 16 Inch Gaming Laptop,"Intel Core Ultra 7 255HX (UP to 5.2 GHz, 20C, 20T, 30 MB Cache)",16GB DDR5 6400MHz,1TB NVMe SSD,,NVIDIA GeForce RTX 5050 8GB Graphics,285000,In Stock,startech.com.bd,https://www.startech.com.bd/acer-predator-helios-neo-16s-ai-phn16s-71-gaming-laptop
Acer,Acer Predator Helios Neo 16S AI PHN16S-71 Core Ultra 7 255HX RTX 5070 8GB Graphics 16 Inch OLED Gaming Laptop,"Intel Core Ultra 7 255HX (UP to 5.2 GHz, 20C, 20T, 30 MB Cache)",16GB DDR5 6400MHz,1TB NVMe SSD,,NVIDIA RTX 5070 8GB GDDR7 Graphics,325000,In Stock,startech.com.bd,https://www.startech.com.bd/acer-predator-helios-neo-16s-ai-phn16s-71-rtx-5070-oled-gaming-laptop
Acer,Acer Predator Helios Neo 16S AI PHN16S-71 Core Ultra 9 275HX RTX 5070 8GB Graphics 16 Inch OLED Gaming Laptop,"Intel Core Ultra 9 275HX (UP to 5.4 GHz, 24C, 24T, 36 MB Cache)",16GB DDR5 6400MHz,1TB NVMe SSD,,NVIDIA RTX 5070 8GB GDDR7 Graphics,340000,In Stock,startech.com.bd,https://www.startech.com.bd/acer-predator-helios-neo-16s-core-ultra-9-275hx-gaming-laptop
HP,"HP 15-fd0333TU Core 5 120U 15.6"" FHD Laptop","Intel Core 5 120U (12MB Cache, Up to 5.0 GHz)",8 GB DDR4-3200 MT/s,512GB PCIe NVMe M.2 SSD,"15.6"" FHD (1920 x 1080), Micro-Edge, Anti-Glare, 250 nits",The integrated Intel UHD Graphics enables both ordinary chores and enjoyment,,Out of Stock,startech.com.bd,https://www.startech.com.bd/hp-15-fd0333tu-laptop
HP,"HP 15-fd0812TU Intel Core 5 120U 15.6"" FHD Laptop","Intel Core 5 120U (12MB, Up to 5.00 GHz)",8GB DDR4 3200Mhz,512GB PCIe NVMe M.2 SSD,"15.6"" FHD (1920 x 1080), Anti-glare, 62.5% sRGB, 250nits",Integrated Intel Iris Xᵉ Graphics ensures smooth visuals,78500,In Stock,startech.com.bd,https://www.startech.com.bd/hp-15-fd0812tu-core-5-120u-laptop
Acer,Acer Predator Helios Neo 16S AI PHN16S-71 Core Ultra 9 275HX RTX 5070 8GB Graphics 32GB DDR5 RAM 16 Inch OLED Gaming Laptop,"Intel Core Ultra 9 275HX (UP to 5.4 GHz, 24C, 24T, 36 MB Cache)",32GB DDR5 6400MHz,1TB NVMe SSD,,NVIDIA RTX 5070 8GB GDDR7 Graphics,360000,In Stock,startech.com.bd,https://www.startech.com.bd/acer-predator-helios-neo-16s-core-ultra-9-32gb-ram-laptop
Walton,"Walton Passion BX710U Core i7 10th Gen 15.6"" FHD Laptop","Intel Core i7-10510U (8MB Cache, 1.8GHz up to 4.9GHz)",8GB 2666MHz,512GB SATAIII M.2 2280 SSD,"15.6"" FHD (1920 x 1080)",This laptop is integrated with Intel UHD Graphics and comes with a 15,67500,In Stock,startech.com.bd,https://www.startech.com.bd/walton-passion-bx710u-core-i7-10th-gen-laptop
Acer,Acer Predator Helios Neo 16 AI-PH16-73 Core Ultra 9 275HX RTX 5090 24GB Graphics 32GB DDR5 RAM 16 Inch OLED Gaming Laptop,"Intel Core Ultra 9 275HX (UP to 5.4 GHz, 24C, 24T, 36 MB Cache)",32GB DDR5 6400MHz,2TB NVMe SSD,,NVIDIA RTX 5090 24GB GDDR7 Graphics,660000,In Stock,startech.com.bd,https://www.startech.com.bd/acer-predator-helios-neo-16-ai-ph16-73-rtx-5090-gaming-laptop
HP,"HP 15-fd0811TU Intel Core 5 120U 15.6"" FHD Laptop","Intel Core 5 120U (12MB, Up to 5.00 GHz)",8GB DDR4 3200MHz,512GB PCIe NVMe M.2 SSD,"15.6"" FHD (1920 x 1080), Anti-glare, 62.5% sRGB, 250nits",With integrated Intel Graphics,78500,In Stock,startech.com.bd,https://www.startech.com.bd/hp-15-fd0811tu-intel-core-5-laptop
HP,"HP 15-fd0812TU Intel Core i5 1334U 13th Gen 15.6"" FHD Laptop","Intel Core i5 1334U (12MB, Up to 4.60 GHz)",8GB DDR4 3200Mhz,512GB PCIe NVMe M.2 SSD,"15.6"" FHD (1920 x 1080), Anti-glare, 62.5% sRGB, 250nits",MultimediaPowered by Intel Iris Xe Graphics,78500,In Stock,startech.com.bd,https://www.startech.com.bd/hp-15-fd0812tu-intel-core-i5-1334u-laptop
Acer,"Acer Aspire Lite AL15-41 AMD Ryzen 3 7330U 15.6"" FHD Laptop",Ryzen 3 7330U (up to 4.3 GHz),8GB DDR4 3200 MHz,512GB PCIe NVMe SSD,"15.6"" FHD  (1920x1080) LED Display",41 integrates AMD Radeon Graphics for everyday computing and entertainment,66000,In Stock,startech.com.bd,https://www.startech.com.bd/acer-aspire-lite-al15-41-ryzen-3-7330u-laptop
ASUS,"Asus Vivobook 14 X1404VA Core 5 120U 14"" FHD Laptop","Intel Core 5-120U (12M Cache, Up to 5.0 GHz)",8GB DDR4,512GB M.2 PCIe 4.0 SSD,"14"" FHD (1920 x 1080) IPS, Anti-glare",The Asus laptop integrates Intel Graphics for everyday visuals,78000,In Stock,startech.com.bd,https://www.startech.com.bd/asus-vivobook-14-x1404va-core-5-120u-laptop
HP,"HP 15-fd0811TU Intel i5 1334U 13th Gen 15.6"" FHD Laptop","Intel Core i5 1334U (12MB, Up to 4.6 GHz)",8GB DDR4 3200MHz,512GB PCIe NVMe M.2 SSD,"15.6"" FHD (1920 x 1080), Anti-glare, 62.5% sRGB, 250nits",,78500,In Stock,startech.com.bd,https://www.startech.com.bd/hp-15-fd0811tu-intel-i5-13th-gen-laptop
Acer,"Acer Aspire Lite AL15-52 Core i3 12th Gen 8GB RAM 15.6"" FHD Laptop","Intel Core i3-1215U (10M Cache, up to 4.40 GHz)",8GB 3200Mhz DDR4,512GB SSD,"15.6"" FHD (1920x1080) TFT LCD",52 Core i3 12th Gen 8GB RAM Laptop features Intel UHD Graphics for casual gaming,,Out of Stock,startech.com.bd,https://www.startech.com.bd/acer-aspire-lite-al15-52-laptop
ASUS,"Asus Vivobook 14 X1404VA Core 5 120U 14"" FHD Cool Silver Laptop","Intel Core 5-120U (12M Cache, Up to 5.0 GHz)",8GB DDR4,512GB M.2 PCIe 4.0 SSD,"14"" FHD (1920 x 1080) IPS, Anti-glare",Everyday visuals are handled by Intel Graphics,78000,In Stock,startech.com.bd,https://www.startech.com.bd/asus-vivobook-14-x1404va-core-5-120u-cool-silver-laptop
HP,"HP 15-fc0660au Ryzen 5 7520U 15.6"" FHD Laptop","AMD Ryzen 5 7520U (4MB L3 Cache, Up to 4.3 GHz)",16GB LPDDR5 5500 MHz,512GB PCIe NVMe M.2 SSD,"15.6"" FHD (1920 x 1080), anti-glare, 250 nits, 45% NTSC",Integrated AMD Radeon Graphics can handle everyday images,,Out of Stock,startech.com.bd,https://www.startech.com.bd/hp-15-fc0660au-fhd-laptop
Acer,"Acer Aspire Lite AL15-41 AMD Ryzen 5 5625U 15.6"" FHD Laptop (UN.31ZSI.075)",Ryzen 5 5625U (up to 4.3 GHz),16GB DDR4 3200 MHz,512GB NVMe Gen3 SSD,"15.6"" FHD  (1920x1080) LED Display",41 integrates AMD Radeon Graphics for smooth visuals in everyday computing tasks,76000,In Stock,startech.com.bd,https://www.startech.com.bd/acer-aspire-lite-al15-41-ryzen-5-5625u-16gb-fhd-laptop
Acer,"Acer Aspire Lite AL15-41 AMD Ryzen 5 5625U 16GB 15.6"" FHD Laptop",Ryzen 5 5625U (up to 4.3 GHz),16GB DDR4 3200 MHz,512GB NVMe Gen3 SSD,"15.6"" FHD  (1920x1080) LED Display",41 integrates AMD Radeon Graphics for smooth visuals in daily graphics tasks and,,Out of Stock,startech.com.bd,https://www.startech.com.bd/acer-aspire-lite-al15-41-ryzen-5-5625u-fhd-laptop
HP,"HP 15-fc0659au Ryzen 5 7520U 15.6"" FHD Laptop","AMD Ryzen 5 7520U (4MB L3 Cache, Up to 4.3 GHz)",16GB LPDDR5 5500Mhz,512GB PCIe NVMe M.2 SSD,"15.6"" FHD (1920 x 1080), anti-glare, 250 nits, 45% NTSC",AMD Radeon Graphics with shared memory handle everyday visuals well,,Out of Stock,startech.com.bd,https://www.startech.com.bd/hp-15-fc0659au-r5-7520u-laptop
ASUS,"ASUS Vivobook Go 15 L1504FA Ryzen 5 7520U 16GB RAM 15.6"" FHD Laptop With Windows 11 Home","AMD Ryzen 5 7520U (6MB Cache, Up to 4.3 GHz)",16GB LPDDR5,512GB NVMe PCIe 3.0 SSD,"15.6"" FHD (1920x1080), Anti-glare Display",The integrated AMD Radeon graphics ensure smooth visuals for casual gaming and m,93000,In Stock,startech.com.bd,https://www.startech.com.bd/asus-vivobook-go-15-l1504fa-16gb-ram-laptop
Acer,"Acer Aspire 3 A325-53 Core i5 13th Gen 15.6"" FHD Win11 Laptop","Intel Core i5-1334U (12M Cache, 3.40 GHz, up to 4.60 GHz)",8GB DDR4 3200Mhz,512GB SSD,"15.6"" FHD (1920x1080)",Integrated Intel UHD Graphics make it ideal for everyday computing,,Out of Stock,startech.com.bd,https://www.startech.com.bd/acer-aspire-3-a325-53-laptop
HP,"HP 15-fd0892TU Core 5 120U 15.6"" FHD Laptop","Intel Core 5-120u (12MB L3 Cache, Up to 5 GHz)",8GB DDR5 5200MHz,512GB PCIe NVMe M.2 SSD,"15.6"" FHD (1920 x 1080), anti-glare, 250 nits, 62.5% sRGB",With Intel Graphics,80500,In Stock,startech.com.bd,https://www.startech.com.bd/hp-15-fd0892tu-core-5-laptop
Acer,"Acer Aspire 15 AS15-42 Ryzen 5 7430U 15.6"" FHD Laptop","Ryzen 5 7430U (16MB L3 Cache, up to 4.30GHz)",8GB DDR4 3200MHz,512GB NVMe Gen3 SSD,"15.6"" FHD (1920x1080) IPS LED Display, 60 Hz",Connectivity and GraphicsEquipped with integrated AMD Radeon Graphics,,Out of Stock,startech.com.bd,https://www.startech.com.bd/acer-aspire-15-as15-42-ryzen-5-7430u-laptop
ASUS,"ASUS Vivobook Go 15 L1504FA Ryzen 5 7520U 16GB RAM 15.6"" FHD Laptop","AMD Ryzen 5 7520U (6MB Cache, Up to 4.3 GHz)",16GB LPDDR5,512GB SSD,"15.6"" FHD (1920x1080)",Featuring AMD Radeon Graphics,93000,In Stock,startech.com.bd,https://www.startech.com.bd/asus-vivobook-go-15-l1504fa-ryzen-5-7520u-16gb-ram-laptop
HP,"HP 15-fd0880TU Core 5 120U 16GB 15.6"" FHD Laptop","Intel Core 5-120u (12MB L3 Cache, Up to 5 GHz)",16GB DDR5 5200MHz,512GB PCIe NVMe M.2 SSD,"15.6"" FHD (1920 x 1080), anti-glare, 250 nits, 62.5% sRGB",The Intel integrated SoC chipset and Intel Graphics deliver clear visuals for wo,94000,In Stock,startech.com.bd,https://www.startech.com.bd/hp-15-fd0880tu-core-5-laptop
Dell,"Dell Latitude 3450 Core i5 13th Gen 14"" FHD Laptop","Intel Core i5-1335U (12M Cache, 3.40 GHz, up to 4.60 GHz)",8GB DDR5 5200 MHz,512GB NVMe PCIe Gen 4 SSD,"14"" FHD (1920x1080), Anti-Glare, 250 nit, 45% NTSC",Intel Iris Xe Graphics handles daily graphics tasks with improved visual perform,95000,In Stock,startech.com.bd,https://www.startech.com.bd/dell-latitude-3450-core-i5-13th-gen-14-inch-laptop
HP,"HP Victus Gaming 15-fb3166AX Ryzen 5 8645HS RTX 2050 4GB Graphics 15.6"" FHD Gaming Laptop","AMD Ryzen 5 8645HS (up to 5.0 GHz, 6 cores)",8GB DDR5 5600 MT/s,512GB PCIe SSD,,NVIDIA GeForce RTX 2050 4GB GDDR6,106500,In Stock,startech.com.bd,https://www.startech.com.bd/hp-victus-gaming-15-fb3166ax-gaming-laptop
Acer,"Acer Aspire 3 A325-53 Core i5 13th Gen 15.6"" FHD Silver Laptop","Intel Core i5-1334U (12M Cache, 3.40 GHz, up to 4.60 GHz)",8GB DDR4 3200Mhz,512GB SSD,"15.6"" FHD (1920x1080)",The integrated Intel UHD Graphics provides reliable visuals for everyday tasks a,,Out of Stock,startech.com.bd,https://www.startech.com.bd/acer-aspire-3-a325-53-core-i5-1334u-silver-laptop
ASUS,"ASUS Vivobook Go 14 L1404FA Ryzen 5 7520U 14"" FHD Laptop","AMD Ryzen 5 7520U (6MB Cache, Up to 4.3GHz)",16GB LPDDR5,512GB M.2 NVMe PCIe 3.0 SSD,"14"" FHD (1920X1080) 16:9, LED Backlit, 60Hz, 250nits",Integrated AMD Radeon Graphics deliver smooth images for everyday chores and lig,80000,In Stock,startech.com.bd,https://www.startech.com.bd/asus-vivobook-go-14-l1404fa-laptop
HP,"HP Victus Gaming 15-fb3167AX Ryzen 5 8645HS RTX 2050 4GB Graphics 15.6"" FHD Gaming Laptop","AMD Ryzen 5 8645HS (up to 5.0 GHz, 6 cores)",8GB DDR5 5600 MT/s,512GB PCIe SSD,,NVIDIA GeForce RTX 2050 4GB GDDR6,106500,In Stock,startech.com.bd,https://www.startech.com.bd/hp-victus-gaming-15-fb3167ax-gaming-laptop
Acer,"Acer Aspire Lite AL15-53 Core i5 1334U 15.6"" FHD Laptop","Intel Core i5-1334U (12M Cache, 3.40GHz up to 4.60GHz)",8GB DDR4,512GB SSD,15.6″ FHD (1920×1080),while Intel UHD Graphics provides seamless graphics performance for streaming,,Out of Stock,startech.com.bd,https://www.startech.com.bd/acer-aspire-lite-al15-53-core-i5-1334u-laptop
HP,"HP Victus 15-fa1393TX Core i5 13 Gen RTX 2050 4GB Graphics 15.6"" FHD Gaming Laptop","Intel Core i5-13420H (up to 4.6 GHz,12 MB L3 cache )",8 GB DDR4-3200 MT/s,512 GB PCIe M.2 SSD,,GeForce RTX 2050 4GB GDDR6,110900,In Stock,startech.com.bd,https://www.startech.com.bd/hp-victus-15-fa1393tx-gaming-laptop
Acer,"Acer Aspire 3 A325-53 Core i5 13th Gen 16GB 15.6"" FHD Laptop","Intel Core i5-1334U (12M Cache, 3.40 GHz, up to 4.60 GHz)",16GB DDR4 3200Mhz,512GB SSD,"15.6"" FHD (1920x1080)",The integrated Intel UHD Graphics supports everyday graphics needs,,Out of Stock,startech.com.bd,https://www.startech.com.bd/acer-aspire-3-a325-53-core-i5-1334u-laptop
Acer,"Acer Aspire Lite AL15-53 Core i5 1334U 16GB 15.6"" FHD Laptop","Intel Core i5-1334U (12M Cache, 3.40GHz up to 4.60GHz)",16GB DDR4,512GB SSD,15.6″ FHD (1920×1080),The integrated Intel UHD Graphics provides seamless visuals for everyday computi,,Out of Stock,startech.com.bd,https://www.startech.com.bd/acer-aspire-lite-al15-53-core-i5-16gb-laptop
HP,"HP ProBook 440 G11 Core Ultra 5 14"" FHD Laptop","Core Ultra 5-125U (up to 4.3 GHz, 12 MB L3 cache)",8 GB DDR5 5600MHz,512GB PCIe SSD,"14"" FHD (1920 x 1200) IPS",in Intel Graphics provide seamless visuals for office work and video playback,110000,In Stock,startech.com.bd,https://www.startech.com.bd/hp-probook-440-g11-laptop
Acer,"Acer Aspire Lite AL15-41 AMD Ryzen 5 7430U 15.6"" FHD Laptop",Ryzen 5 7430U (up to 4.3 GHz),16GB DDR4 3200 MHz,512GB NVMe Gen4 SSD,"15.6"" FHD  (1920x1080) LED Display",The integrated AMD Radeon Graphics supports smooth visual performance for daily ,,Out of Stock,startech.com.bd,https://www.startech.com.bd/acer-aspire-lite-al15-41-ryzen-5-laptop
Acer,"Acer Aspire Lite AL15-41 AMD Ryzen 5 7430U 15.6"" FHD Laptop (UN.31ZSI.04X)",Ryzen 5 7430U (up to 4.3 GHz),16GB DDR4 3200 MHz,512GB NVMe Gen4 SSD,"15.6"" FHD  (1920x1080) LED Display",AMD Radeon integrated graphics deliver shared graphics performance for creative ,77500,In Stock,startech.com.bd,https://www.startech.com.bd/acer-aspire-lite-al15-41-ryzen-5-15-inch-fhd-laptop
HP,"HP EliteBook 640 G11 Core Ultra 5 125U 14"" WUXGA FHD Laptop","Core Ultra 5 125U (12M L3 Cache, up to 4.3 GHz)",8 GB DDR5 5600MHz,512GB PCIe NVMe SSD,"14"" diagonal, WUXGA (1920 x 1200), IPS",and 45 percent NTSC color gamut provides rich and clear graphics,115000,In Stock,startech.com.bd,https://www.startech.com.bd/hp-elitebook-640-g11-core-ultra-5-laptop
ASUS,"ASUS Vivobook 15 A1504VA Core 5 120U 16GB RAM 15.6"" FHD Laptop","Intel Core 5-120U (12M Cache, up to 5.0 GHz)",16GB DDR4,512GB M.2 NVMe PCIe 4.0 SSD,"15.6"" FHD (1920x1080) IPS Level, 0.2 ms, 250nits",,,Out of Stock,startech.com.bd,https://www.startech.com.bd/asus-vivobook-15-a1504va-core-5-120u-laptop
HP,"HP ProBook 460 G11 Core Ultra 5 16"" WUXGA Laptop","Core Ultra 5-125H (up to 4.5 GHz, 18 MB L3 cache)",8 GB DDR5 5600MHz,512GB PCIe SSD,"16"" WUXZA (1920 x 1200) IPS",paired with Intel Arc integrated graphics for smooth performance,115000,In Stock,startech.com.bd,https://www.startech.com.bd/hp-probook-460-g11-laptop
HP,"HP OmniBook 5 Flip x360 14-fp0133TU Core 5 120U 14"" 2K IPS Touch Laptop","Core 5 120U (12M L3 Cache, up to 5.0 GHz)",16GB LPDDR5 5200MT/s,1TB PCIe Gen4 NVMe M.2 SSD,"14"" 2K (1920 x 1200), IPS, Touch, 300 nits, 62.5% sRGB",,122000,In Stock,startech.com.bd,https://www.startech.com.bd/hp-omnibook-5-flip-x360-14-fp0133tu-laptop
HP,"HP OmniBook 5 Flip x360 14-fp0136TU Core i5 1334U 14"" 2K IPS Touch Laptop","Core i5 1334U (12M L3 Cache, up to 4.6 GHz)",16GB LPDDR5 5200MT/s,1TB PCIe Gen4 NVMe M.2 SSD,"14"" 2K (1920 x 1200), IPS, Touch",Integrated Intel Iris Xᵉ Graphics enhance visual performance for everyday tasks ,122000,In Stock,startech.com.bd,https://www.startech.com.bd/hp-omnibook-5-flip-x360-14-fp0136tu-laptop
ASUS,"Asus VivoBook 15 X1504VA Core 5 120U 15.6"" FHD Laptop","Intel Core 5 120U (12M Cache, up to 5.0 GHz)",8GB DDR4,512GB M.2 NVMe PCIe 4.0 SSD,"15.6"" FHD (1920X1080), 60Hz, 250nits Brightness",Integrated Intel Graphics delivers reliable shared memory performance for casual,82000,In Stock,startech.com.bd,https://www.startech.com.bd/asus-vivobook-15-x1504va-core-5-laptop
HP,"HP ProBook 460 G11 Core Ultra 7 16"" WUXGA Laptop","Core Ultra 7-155H (up to 4.8 GHz, 24 MB L3 cache)",8 GB DDR5 5600MHz,512GB PCIe SSD,"16"" WUXGA (1920 x 1200) IPS",It features integrated Intel Arc Graphics for crisp visuals and an immersive vie,137500,In Stock,startech.com.bd,https://www.startech.com.bd/hp-probook-460-g11-core-ultra-7-laptop
ASUS,"Asus VivoBook 15 X1504VA Core 5 120U 15.6"" FHD Laptop","Intel Core 5 120U (12M Cache, up to 5.0 GHz)",8GB DDR4,512GB M.2 NVMe PCIe 4.0 SSD,"15.6"" FHD (1920X1080), 60Hz, 250nits Brightness",Intel Graphics ensures smooth visuals for work,80000,In Stock,startech.com.bd,https://www.startech.com.bd/asus-vivobook-15-x1504va-core-5-8gb-laptop
HP,"HP Victus Gaming 15-fb3180AX Ryzen 7 7445H RTX 3050 4GB Graphics 15.6"" FHD Gaming Laptop","AMD Ryzen 7 7445H (up to 4.7 GHz, 6 cores)",8GB DDR5 5600 MT/s,1TB PCIe SSD,,NVIDIA GeForce RTX 3050 4GB GDDR6,129500,In Stock,startech.com.bd,https://www.startech.com.bd/hp-victus-gaming-15-fb3180ax-gaming-laptop
HP,"HP ProBook 440 G11 Core Ultra 7 14"" FHD Laptop","Core Ultra 7-155U (up to 4.8 GHz, 12 MB L3 cache)",8 GB DDR5 5600MHz,512GB PCIe SSD,"14"" FHD (1920 x 1200) IPS",lifelike graphics,135000,In Stock,startech.com.bd,https://www.startech.com.bd/hp-probook-440-g11-core-ultra-7-laptop
HP,"HP EliteBook 840 G11 Core Ultra 5 125U 14"" WUXGA FHD Laptop","Core Ultra 5 125U (12M L3 Cache, up to 4.3 GHz)",16 GB DDR5 5600MHz,512GB PCIe NVMe SSD,"14"" diagonal, WUXGA (1920 x 1200), IPS",The integrated Intel Graphics performs all routine visual activities with ease,145000,In Stock,startech.com.bd,https://www.startech.com.bd/hp-elitebook-840-g11-core-ultra-5-laptop
HP,"HP OMEN 16-am0335TX Core i7 14th Gen RTX 5050 8GB Graphics 16"" WQXGA 240Hz Gaming Laptop","Intel Core i7-14650HX (up to 5.2 GHz, 30 MB L3 cache)",16 GB DDR5-5600 MHz,1 TB PCIe Gen4 NVMe M.2 SSD,,"8 GB, GDDR7, NVIDIA GeForce RTX 5050",209000,In Stock,startech.com.bd,https://www.startech.com.bd/hp-omen-16-am0335tx-core-i7-laptop
HP,"HP OMEN 16-am0334TX Core i7 14th Gen 32GB RTX 5050 8GB Graphics 16"" WQXGA 240Hz Gaming Laptop","Intel Core i7-14650HX (up to 5.2 GHz, 30 MB L3 cache)",32 GB DDR5-5600 MHz,1 TB PCIe Gen4 NVMe M.2 SSD,,"8 GB, GDDR7, NVIDIA GeForce RTX 5050",229000,In Stock,startech.com.bd,https://www.startech.com.bd/hp-omen-16-am0334tx-laptop
HP,"HP OmniBook Ultra Flip x360 14-fh0103TU Core Ultra 7 256V 14"" 3K OLED Touch Laptop","Core Ultra 7 256V (12M L3 Cache, up to 4.8 GHz)",16GB LPDDR5x-8533MHz,1 TB PCIe Gen4 NVMe M.2 SSD,"14"" 3K (2880 x 1800), OLED, 120Hz, 0.2ms, Touch, Corning Gorilla Glass 5",,229000,In Stock,startech.com.bd,https://www.startech.com.bd/hp-omnibook-ultra-flip-x360-14-fh0103tu-laptop
HP,"HP OmniBook Ultra Flip x360 14-fh0104TU Core Ultra 7 256V 14"" 3K OLED Touch Laptop","Core Ultra 7 256V (12M L3 Cache, up to 4.8 GHz)",16GB LPDDR5x-8533MHz,1 TB PCIe Gen4 NVMe M.2 SSD,"14"" 3K (2880 x 1800), OLED, 120Hz, 0.2ms, Touch, Corning Gorilla Glass 5",,229000,In Stock,startech.com.bd,https://www.startech.com.bd/hp-omnibook-ultra-flip-x360-14-fh0104tu-laptop
HP,"HP OMEN 16-am0333TX Core i9 14th Gen RTX 5070 8GB Graphics 16"" WQXGA 240Hz Gaming Laptop","Intel Core i9-14900HX (Up to 5.8 GHz, 36 MB L3 cache)",32 GB DDR5-5600 MHz,1 TB PCIe Gen4 NVMe M.2 SSD,,"8 GB, GDDR7, NVIDIA GeForce RTX 5070",336000,In Stock,startech.com.bd,https://www.startech.com.bd/hp-omen-16-am0333tx-laptop
HP,"HP Victus Gaming 15-fa2275TX Core i5 13th Gen RTX 3050 6GB Graphics 15.6"" FHD Laptop","Intel Core i5-13420H (up to 4.6 GHz,12 MB L3 cache )",8GB DDR4-3200 MT/s,512 GB PCIe Gen4 NVMe M.2 SSD,,NVIDIA GeForce RTX 3050 Laptop GPU (6 GB GDDR6 dedicated),,Out of Stock,startech.com.bd,https://www.startech.com.bd/hp-victus-gaming-15-fa2275tx-laptop
HP,"HP Victus Gaming 15-fa2276TX Core i5 13th Gen RTX 3050 6GB Graphics 15.6"" FHD Laptop","Intel Core i5-13420H (up to 4.6 GHz,12 MB L3 cache )",8GB DDR4-3200 MT/s,512 GB PCIe Gen4 NVMe M.2 SSD,,NVIDIA GeForce RTX 3050 Laptop GPU (6 GB GDDR6 dedicated),,Out of Stock,startech.com.bd,https://www.startech.com.bd/hp-victus-gaming-15-fa2276tx-laptop
ASUS,"ASUS ExpertBook P1 P1503CVA Core 3 100U 15.6"" FHD Laptop","Intel Core 3 100U(10M Cache, up to 4.70GHz)",8GB DDR5 5600MT/s,512GB M.2 NVMe PCIe 4.0 SSD,"15.6"" FHD (1920 x 1080), IPS, Anti Glare, 300Nits",Intel UHD Graphics supports daily visual tasks,78000,In Stock,startech.com.bd,https://www.startech.com.bd/asus-expertbook-p1-p1503cva-core-3-15-inch-laptop
ASUS,"Asus Vivobook 14 A1404VA Core 5 120U 14"" FHD Laptop","Intel Core 5-120U (12M Cache, Up to 5.0 GHz)",16GB DDR5,512GB M.2 PCIe 4.0 SSD,"14"" FHD (1920 x 1080) IPS, Anti-glare",Asus Vivobook 14 A1404VA Core 5 120U 14 inch FHD Laptop uses Intel integrated gr,93000,In Stock,startech.com.bd,https://www.startech.com.bd/asus-vivobook-14-a1404va-laptop
HP,"HP 15-fd0268TU Core i5 13th Gen 15.6"" FHD Laptop with Original Windows & Office","Intel Core i5-1334U (up to 4.6 GHz, 12 MB L3 cache)",8GB DDR4 3200MHz,512GB PCIe M.2 SSD,"15.6"" FHD (1920 x 1080)",the integrated Intel SoC chipset and shared memory Intel UHD Graphics deliver de,,Out of Stock,startech.com.bd,https://www.startech.com.bd/hp-15-fd0268tu-core-i5-13th-gen-laptop
ASUS,"Asus Vivobook 14 A1404VA Core 5 120U 14"" FHD Laptop Cool Silver","Intel Core 5-120U (12M Cache, Up to 5.0 GHz)",16GB DDR5,512GB M.2 PCIe 4.0 SSD,"14"" FHD (1920 x 1080) IPS, Anti-glare",Asus Vivobook 14 A1404VA Core 5 120U 14 inch FHD Laptop uses Intel integrated gr,93000,In Stock,startech.com.bd,https://www.startech.com.bd/asus-vivobook-14-a1404va-laptop-cool-silver
HP,"HP 15-fd0800TU Core 5 120u 15.6"" FHD Copilot+PC Laptop","Intel Core 5-120u (12MB L3 Cache, Up to 5 GHz)",16GB DDR4 3200Mhz,512GB PCIe NVMe M.2 SSD,"15.6"" FHD (1920 x 1080), anti-glare, 250 nits, 62.5% sRGB",The integrated Intel Iris Xe Graphics provides flawless images for streaming,,Out of Stock,startech.com.bd,https://www.startech.com.bd/hp-15-fd0800tu-laptop
ASUS,"Asus VivoBook 15 A1504VA Intel Core 5 120U 15.6"" FHD Laptop","Intel Core 5 120U (12M Cache, up to 5.0 GHz)",16GB DDR5,512GB M.2 NVMe PCIe 4.0 SSD,"15.6"" FHD (1920X1080), 60Hz, 250nits Brightness",The Asus VivoBook 15 A1504VA Core 5 120U Laptop also comes with Intel UHD Graphi,93000,In Stock,startech.com.bd,https://www.startech.com.bd/asus-vivobook-15-a1504va-intel-core-5-laptop
HP,"HP 15-fr0067TU Core i5 13th Gen 15.6"" FHD Laptop","Intel Core i5-13420H (12MB L3 Cache, Up to 4.6 GHz)",16GB DDR4 3200Mhz,512GB PCIe NVMe M.2 SSD,"15.6"" FHD (1920 x 1080), anti-glare, 250 nits, 62.5% sRGB",Intel UHD Graphics offers vibrant images and efficient graphics management for e,,Out of Stock,startech.com.bd,https://www.startech.com.bd/hp-15-fr0067tu-laptop
HP,"HP 15-fr0076TU Core i5 13th Gen 15.6"" FHD Laptop","Intel Core i5-13420H (12MB L3 Cache, Up to 4.6 GHz)",16GB DDR4-3200 MHz,512 GB PCIe NVMe M.2 SSD,"15.6"" FHD (1920 x 1080), Anti-Glare, 250 nits, 62.5% sRGB",Intel UHD Graphics with shared memory manages daily graphics tasks efficiently,,Out of Stock,startech.com.bd,https://www.startech.com.bd/hp-15-fr0076tu-core-i5-13th-gen-laptop
ASUS,"ASUS Vivobook 15 A1504VA Core 5 120U 16GB DDR5 RAM 15.6"" FHD Laptop","Intel Core 5-120U (12M Cache, up to 5.0 GHz)",16GB DDR5,512GB M.2 NVMe PCIe 4.0 SSD,"15.6"" FHD (1920x1080) IPS Level, 0.2 ms, 250nits",,93000,In Stock,startech.com.bd,https://www.startech.com.bd/asus-vivobook-15-a1504va-core-5-ddr5-laptop
Lenovo,"Lenovo IdeaPad Slim 3 14IRH10 Core i5 13th Gen 14"" WUXGA Laptop With FreeDOS","Intel Core i5-13420H (12MB Cache, up to 4.6GHz)",16GB LPDDR5-4800,512GB M.2 PCIe 4.0x4 NVMe SSD,"14"" WUXGA (1920x1200) IPS, 300 nits Anti-glare",Integrated Intel UHD Graphics deliver dependable visual performance for everyday,85000,In Stock,startech.com.bd,https://www.startech.com.bd/lenovo-ideapad-slim-3-14irh10-laptop-with-freedos
HP,"HP 15-fr0077TU Core i5 13th Gen 15.6"" FHD Laptop","Intel Core i5-13420H (12MB L3 Cache, Up to 4.6 GHz)",16GB DDR4-3200 MT/s,512 GB PCIe NVMe M.2 SSD,"15.6"" FHD (1920 x 1080), Anti-Glare, 250 nits, 62.5% sRGB",Users get Intel UHD graphics for everyday graphical work,,Out of Stock,startech.com.bd,https://www.startech.com.bd/hp-15-fr0077tu-laptop
ASUS,"Asus ExpertBook B1 B1403CVA Core 5 120U 8GB RAM 14"" FHD Laptop","Intel Core 5 120U (12MB Cache, Up to 5.0GHZ, 10C)",8GB DDR5 5600MT/s,512GB SSD,"14"", FHD (1920 x 1080) 16:9, Anti-glare display",The laptop includes Intel Iris Graphics,85000,In Stock,startech.com.bd,https://www.startech.com.bd/asus-expertbook-b1-b1403cva-core-5-laptop
HP,"HP 14-ep0408TU Core i5 13th Gen 14"" FHD Laptop","Intel Core i5-1334U (12MB L3 Cache, Up to 4.6 GHz)",16GB DDR4 3200MHz,512GB PCIe M.2 SSD,"14"" FHD (1920 x 1080) LED Display",it also includes Intel UHD Graphics,,Out of Stock,startech.com.bd,https://www.startech.com.bd/hp-14-ep0408tu-core-i5-laptop
Lenovo,"Lenovo IdeaPad Slim 3 14IRH10 Core i5 13th Gen 14"" IPS Laptop With Backlit Keyboard","Intel Core i5-13420H (12MB Cache, up to 4.6GHz)",16GB LPDDR5-4800,512GB M.2 PCIe 4.0x4 NVMe SSD,"14"" WUXGA (1920x1200) IPS, 300 nits Anti-glare",,87000,In Stock,startech.com.bd,https://www.startech.com.bd/lenovo-ideapad-slim-3-14irh10-core-i5-laptop
HP,"HP 15-fr0065TU Core i5 13th Gen 15.6"" FHD Laptop","Intel Core i5-13420H (12MB L3 Cache, Up to 4.6 GHz)",16GB DDR4 3200Mhz,512GB PCIe NVMe M.2 SSD,"15.6"" FHD (1920 x 1080), anti-glare, 250 nits, 62.5% sRGB",The integrated Intel UHD Graphics provides vivid pictures and efficient graphics,,Out of Stock,startech.com.bd,https://www.startech.com.bd/hp-15-fr0065tu-laptop
HP,"HP ENVY 15-ep1890TX Core i7 11th Gen RTX 3050 Ti 4GB Graphics 15.6"" FHD Touch Gaming Laptop","Intel Core i7-11800H (24M Cache, 2.30 GHz up to 4.60 GHz)",16GB DDR4-3200,1TB SSD,,RTX 3050 Ti 4 GB GDDR6,,Out of Stock,startech.com.bd,https://www.startech.com.bd/hp-envy-15-ep1890tx-core-i7-11th-gen-laptop
Walton,"Walton ACC PASSION BX513U Pro Core i5 13th Gen 16GB RAM 16"" 2.5K IPS Display Laptop","Intel Core i5-1335U (12MB Cache, 1.3GHz up to 4.6GHz)",16GB LPDDR4,512GB Gen3 SSD,"16"" 2.5K WQXGA (2560x1600) IPS",The graphics are powered by Intel Iris Xe Graphics,85550,In Stock,startech.com.bd,https://www.startech.com.bd/walton-acc-passion-bx513u-pro-core-i5-13th-gen-laptop
HP,"HP 14-ep0134TU Core i7 13th Gen 14"" FHD Laptop","Intel Core i7-1355U (12MB Cache, Up to 5.0 GHz)",16GB DDR4 3200MHz,512GB PCIe M.2 SSD,"14"" FHD (1920 x 1080) LED Display",,,Out of Stock,startech.com.bd,https://www.startech.com.bd/hp-14-ep0134tu-laptop
Lenovo,"Lenovo IdeaPad Slim 3 15IRH10R Core 5 210H 16GB RAM 15.3"" IPS Laptop","Intel Core 5 210H (12MB Cache, E-P Core, 3.6- 4.8GHz)",16GB DDR5-4800,512GB M.2 PCIe 4.0x4 NVMe SSD,"15.3"" WUXGA (1920x1200) IPS, 300 nits Anti-glare",The laptop also includes Intel UHD Graphics for reliable integrated visuals,88500,In Stock,startech.com.bd,https://www.startech.com.bd/lenovo-ideapad-slim-3-15irh10r-16gb-ram-laptop
HP,"HP Victus Gaming 15-fb3105AX Ryzen 7 8845HS RTX 4050 6GB Graphics 15.6"" FHD Gaming Laptop","AMD Ryzen 7 8845HS (up to 5.1 GHz, 16 MB L3 cache)",16GB DDR5 5600 MT/s,1TB PCIe SSD,,NVIDIA GeForce RTX 4050 6GB GDDR6,,Out of Stock,startech.com.bd,https://www.startech.com.bd/hp-victus-gaming-15-fb3105ax-ryzen-7-laptop
Lenovo,"Lenovo IdeaPad Slim 3 14IRH10R Core 5 210H 14"" WUXGA Laptop With FreeDOS","Intel Core 5 210H (12MB Cache, Up to 4.8GHz)",16GB DDR5-4800,512GB M.2 PCIe 4.0x4 NVMe SSD,"14"" WUXGA (1920x1200) IPS 300nits Anti-glare, 45% NTSC",Integrated Intel Graphics provides clear graphics for regular chores,88500,In Stock,startech.com.bd,https://www.startech.com.bd/lenovo-ideapad-slim-3-14irh10r-laptop-with-freedos
ASUS,"Asus ExpertBook B1 B1503CVA Core 5 120U 15.6"" FHD Laptop","Intel Core 5-120U (10C, Up to 5.0GHZ, 12MB Cache)",8GB DDR5,512GB M.2 2280 NVMe PCIe 4.0,"15.6"", FHD (1920 x 1080) 16:9, Anti-glare display",The Intel UHD Graphics,88000,In Stock,startech.com.bd,https://www.startech.com.bd/asus-expertbook-b1-b1503cva-core-5-laptop
ASUS,"Asus ExpertBook B1 B1403CVA Core i7 13th Gen 8GB RAM 14"" FHD Laptop","Intel Core i7-13620H (10C, Up to 4.9GHZ, 24MB Cache)",8GB DDR5,512GB Gen4 SSD,"14"", FHD (1920 x 1080) 16:9, Anti-glare display",Its integrated Intel UHD Graphics,90000,In Stock,startech.com.bd,https://www.startech.com.bd/asus-expertbook-b1-b1403cva-laptop
Lenovo,"Lenovo IdeaPad Slim 3 14IRH10 Core i5 13th Gen 1TB SSD 14"" WUXGA Laptop With FreeDOS","Intel Core i5-13420H (12MB Cache, up to 4.6GHz)",16GB LPDDR5-4800,1TB M.2 PCIe 4.0x4 NVMe SSD,"14"" WUXGA (1920x1200) IPS, 300 nits Anti-glare",Integrated Intel UHD Graphics provide robust visual performance for everyday com,92500,In Stock,startech.com.bd,https://www.startech.com.bd/lenovo-ideapad-slim-3-14irh10-1tb-ssd-laptop-with-freedos
Lenovo,"Lenovo IdeaPad Slim 3 15IRH10 Core i5 13th Gen 1TB SSD 15.3"" WUXGA Laptop","Intel Core i5-13420H (12MB Cache, up to 4.6GHz)",16GB DDR5-4800,1TB M.2 PCIe 4.0x4 NVMe SSD,"15.3"" WUXGA (1920x1200) IPS, 300 nits Anti-glare",WUXGA Laptop has integrated Intel UHD Graphics that efficiently serve everyday v,92500,In Stock,startech.com.bd,https://www.startech.com.bd/lenovo-ideapad-slim-3-15irh10-1tb-ssd-laptop
ASUS,"Asus ExpertBook B1 B1503CVA Core 5 120U 16GB RAM 15.6"" FHD Laptop","Intel Core 5-120U (10C, Up to 5.0GHZ, 12MB Cache)",16GB DDR5,512GB M.2 2280 NVMe PCIe 4.0,"15.6"", FHD (1920 x 1080) 16:9, IPS, Anti-glare display",Multimedia and everyday graphics operations are well handled by integrated Intel,93500,In Stock,startech.com.bd,https://www.startech.com.bd/asus-expertbook-b1-b1503cva-core5-laptop
Apple,MacBook Neo 256GB,"Apple A18 Pro chip with 6‑core CPU, 5‑core GPU, 16‑core Neural Engine",8GB Unified Memory,256GB SSD,"13-inch Liquid Retina display, LED-backlit display with IPS (2408 x 1506)",accelerated ray tracing for enhanced graphics performance in games,95500,In Stock,startech.com.bd,https://www.startech.com.bd/macbook-neo
Apple,MacBook Neo 512GB,"Apple A18 Pro chip with 6‑core CPU, 5‑core GPU, 16‑core Neural Engine",8GB Unified Memory,512GB SSD,"13-inch Liquid Retina display, LED-backlit display with IPS (2408 x 1506)",accelerated ray tracing for enhanced graphics performance in games,113000,In Stock,startech.com.bd,https://www.startech.com.bd/macbook-neo-512gb
Lenovo,"Lenovo IdeaPad Slim 3 14IRH10R Core 5 210H 14"" WUXGA Laptop With Backlit Keyboard","Intel Core 5 210H (12MB Cache, Up to 4.8GHz)",16GB DDR5-4800,512GB M.2 PCIe 4.0x4 NVMe SSD,"14"" WUXGA (1920x1200) IPS 300nits Anti-glare, 45% NTSC",Integrated Intel Graphics provides smooth visuals for everyday tasks,96500,In Stock,startech.com.bd,https://www.startech.com.bd/lenovo-ideapad-slim-3-14irh10r-laptop
ASUS,"ASUS Vivobook 15 X1504VA Core i7 13th Gen 15.6"" FHD Laptop","Intel Core i7-1355U (12MB Cache, up to 5.0 GHz)",16GB DDR4,512GB SSD,"15.6"" FHD (1920 x 1080), 60Hz, Anti-glare display",This ASUS Vivobook 15 X1504VA Core i7 Laptop also has Intel Iris Xe Graphics,96500,In Stock,startech.com.bd,https://www.startech.com.bd/asus-vivobook-15-x1504va-core-i7-laptop
ASUS,"ASUS Vivobook 15 X1504VA Core i7 13th Gen 16GB RAM 15.6"" FHD Laptop","Intel Core i7-1355U (12MB Cache, Up to 5.0 GHz)",16GB DDR4,512GB SSD,"15.6"" FHD (1920 x 1080), 60Hz, Anti-glare display",It integrates Intel Iris Xe Graphics for smooth visuals and casual gaming,96500,In Stock,startech.com.bd,https://www.startech.com.bd/asus-vivobook-15-x1504va-core-i7-16gb-ram-laptop
Lenovo,"Lenovo IdeaPad Slim 3 14IRH10 Core i7 13th Gen 14"" WUXGA IPS Laptop","Intel Core i7-13620H (24MB Cache, P-core 2.4 / 4.9GHz, E-core 1.8 / 3.6GHz)",16GB DDR5-4800 MHz,512GB M.2 PCIe 4.0x4 NVMe SSD,"14"" WUXGA (1920x1200) IPS 300 nits Anti-glare",,99500,In Stock,startech.com.bd,https://www.startech.com.bd/lenovo-ideapad-slim-3-14irh10-core-i7-laptop
Lenovo,"Lenovo IdeaPad Slim 3 15IRH10 Core i7 13th Gen 15.3"" WUXGA Laptop","Intel Core i7-13620H (24MB Cache, up to 4.9GHz)",16GB DDR5-4800,512GB M.2 PCIe 4.0x4 NVMe SSD,"15.3"" WUXGA (1920x1200) IPS, 300 nits Anti-glare",Graphics are handled by integrated Intel UHD Graphics,99500,In Stock,startech.com.bd,https://www.startech.com.bd/lenovo-ideapad-slim-3-15irh10-core-i7-laptop
ASUS,"ASUS Vivobook 14 F1407QA Snapdragon X X1 14"" WUXGA Copilot+ PC Laptop","Snapdragon X X1 26 100 (30M Cache, up to 2.97 GHz)",16GB LDDR5X,1TB SSD,"14.0"" IPS WUXGA (1920 x 1200), 300nits Brightness",A Qualcomm Adreno GPU improves graphics performance,98000,In Stock,startech.com.bd,https://www.startech.com.bd/asus-vivobook-14-f1407qa-snapdragon-x-x1-laptop
ASUS,"ASUS Vivobook 14 F1407QA Snapdragon X X1 14"" WUXGA Copilot+ PC Laptop Platinum Gold","Snapdragon X X1 26 100 (30M Cache, up to 2.97 GHz)",16GB LDDR5X,1TB SSD,"14.0"" IPS WUXGA (1920 x 1200), 300nits Brightness",A Qualcomm Adreno GPU improves graphics performance,98000,In Stock,startech.com.bd,https://www.startech.com.bd/asus-vivobook-14-f1407qa-laptop-platinum-gold
Lenovo,"Lenovo IdeaPad Slim 3 15IRH10R Core 5 210H 24GB RAM 15.3"" WUXGA Laptop With Backlit Keyboard","Intel Core 5 210H (12MB Cache, E-P Core, 3.6- 4.8GHz)",24GB DDR5-4800,512GB M.2 PCIe 4.0x4 NVMe SSD,"15.3"" WUXGA (1920x1200) IPS, 300 nits Anti-glare",while Intel UHD integrated graphics handles everyday graphics tasks efficiently,100500,In Stock,startech.com.bd,https://www.startech.com.bd/lenovo-ideapad-slim-3-15irh10r-laptop-backlit-keyboard
ASUS,"ASUS ExpertBook B3 B3405CCA Core Ultra 5 14"" WUXGA Laptop","Intel Core Ultra 5 125H (18M Cache, Up to 4.5GHz)",8GB DDR5 5600MT/s,512GB Gen4 SSD,"14.0-inch, WUXGA (1920 x 1200), 300 Nits",,93500,In Stock,startech.com.bd,https://www.startech.com.bd/asus-expertbook-b3-b3405cca-core-ultra-5-laptop
ASUS,"ASUS ExpertBook B3 B3605CCA Core Ultra 5 16"" WUXGA Laptop","Intel Core Ultra 5 125H (18M Cache, Up to 4.5GHz)",8GB DDR5,512GB M.2 2230 NVMe PCIe 4.0 SSD,"16-inch, WUXGA (1920 x 1200), 16:10, 300 Nits",Intel Graphics delivers reliable everyday visual performance for office applicat,96000,In Stock,startech.com.bd,https://www.startech.com.bd/asus-expertbook-b3-b3605cca-laptop
Lenovo,"Lenovo LOQ 15IAX9E Core i5 12th Gen RTX 2050 4GB Graphics 15.6"" FHD Gaming Laptop","Intel i5-12450HX (12MB Cache, 3.1GHz up to 4.4GHz)",12GB DDR5-4800,512GB M.2 PCIe 4.0x4 NVMe SSD,,NVIDIA GeForce RTX 2050 4GB GDDR6 Graphics,99000,In Stock,startech.com.bd,https://www.startech.com.bd/lenovo-loq-15iax9e-i5-12th-gen-gaming-laptop
ASUS,"ASUS ExpertBook P1 P1403CVA Core 5 210H 14"" FHD 16GB RAM Laptop","Intel Core 5 210H (12M Cache, up to 4.8 GHz)",16GB DDR5 5600MT/s,512GB SSD,"14"" FHD (1920 x 1080), Anti Glare, LED Backlit, 300Nits",Combined with Intel UHD Graphics,96500,In Stock,startech.com.bd,https://www.startech.com.bd/asus-expertbook-p1-p1403cva-core-5-210h-laptop
ASUS,"ASUS ExpertBook P1 P1503CVA Core 5 210H 15.6"" FHD Laptop","Intel Core 5 210H (12M Cache, up to 4.8 GHz)",8GB DDR5 5600MT/s,512GB M.2 NVMe PCIe 4.0 SSD,"15.6"" FHD (1920 x 1080), Anti Glare, 300Nits",,90000,In Stock,startech.com.bd,https://www.startech.com.bd/asus-expertbook-p1-p1503cva-core-5-laptop
Lenovo,"Lenovo IdeaPad Slim 5 14IRH10 Core i5 13th Gen 14"" WUXGA OLED Laptop","Intel Core i5-13420H (12MB Cache, P-core 2.1 / 4.6GHz, E-core 1.5 / 3.4GHz)",16GB DDR5-5600MHz,512GB M.2 PCIe 4.0x4 NVMe SSD,"14"" WUXGA (1920x1200) OLED 400 nits Glossy",With Intel UHD Graphics,104500,In Stock,startech.com.bd,https://www.startech.com.bd/lenovo-ideapad-slim-5-14irh10-core-i5-laptop
ASUS,"ASUS Vivobook 16X K3605ZF Core i5 8GB RAM 512GB SSD 16"" WUXGA Display Laptop","Intel Core i5-12500H (18M Cache, up to 4.5 GHz)",8GB DDR4,,"16"" WUXGA (1920 x 1200), 144Hz, 300nits",which provides faultless graphics performance for gaming or creative work,107000,In Stock,startech.com.bd,https://www.startech.com.bd/asus-vivobook-16x-k3605zf-rp785-core-i5-laptop
Dell,"Dell 15 DC15250 Core i7 13th Gen 15.6"" FHD Laptop","Intel Core i7-1355U (10 cores, up to 5.00 GHz)",16GB DDR4,512GB M.2 PCIe NVMe SSD,"15.6"" FHD, 120Hz, WVA, IPS, Anti-Glare, 250 nits",s integrated Intel UHD Graphics provides efficient visuals for daily chores,105500,In Stock,startech.com.bd,https://www.startech.com.bd/dell-15-dc15250-core-i7-laptop
Lenovo,Lenovo ThinkPad P14s Gen 2 Core i5 Business Laptop,"Intel Core i5-1135G7 (8M Cache, 2.40 GHz up to 4.20 GHz)",8GB RAM,512GB SSD,"14"" FHD (1920 x 1080)",CPU with exceptional graphics choices,99000,In Stock,startech.com.bd,https://www.startech.com.bd/lenovo-thinkpad-p14s-gen-2-core-i5-11th-gen-fhd-laptop
ASUS,"Asus Vivobook 14 F1407CA Core Ultra 5 225H 14"" WUXGA Laptop","Intel Core Ultra 5 225H (18M Cache, up to 4.90 GHz)",16GB DDR5,512GB M.2 NVMe PCIe 4.0 SSD,"14"" WUXGA (1920 x 1200), IPS, 60Hz, 300nits",WUXGA Laptop provides powerful everyday performance with an Intel Core Ultra 5 2,116000,In Stock,startech.com.bd,https://www.startech.com.bd/asus-vivobook-14-f1407ca-laptop
ASUS,"Asus Vivobook 14 F1407CA Core Ultra 5 225H 14"" WUXGA Laptop Cool Silver","Intel Core Ultra 5 225H (18M Cache, up to 4.90 GHz)",16GB DDR5,512GB M.2 NVMe PCIe 4.0 SSD,"14"" WUXGA (1920 x 1200), IPS, 60Hz, 300nits",WUXGA Laptop provides powerful everyday performance with an Intel Core Ultra 5 2,116000,In Stock,startech.com.bd,https://www.startech.com.bd/asus-vivobook-14-f1407ca-laptop-cool-silver
ASUS,"Asus Vivobook 16 F1607CA Core Ultra 5 225H 16"" WUXGA Laptop","Intel Core Ultra 5 225H (18M Cache, up to 4.90 GHz)",16GB DDR5,512GB M.2 NVMe PCIe 4.0 SSD,"16"" WUXGA (1920 x 1200), IPS, 60Hz, 300nits",WUXGA Laptop provides powerful everyday performance with an Intel Core Ultra 5 2,111800,In Stock,startech.com.bd,https://www.startech.com.bd/asus-vivobook-16-f1607ca-laptop
ASUS,"ASUS Vivobook S14 M3407HA Ryzen 5 220 14"" WUXGA Laptop","AMD Ryzen 5 220 (22MB Cache, up to 4.9GHz, 6 cores, 12 Threads)",16GB DDR5,1TB M.2 NVMe PCIe 4.0 SSD,"14.0"" IPS WUXGA (1920x1200), 300nits Brightness",and AMD Radeon integrated graphics,119000,In Stock,startech.com.bd,https://www.startech.com.bd/asus-vivobook-s14-m3407ha-ryzen-5-laptop
Lenovo,"Lenovo LOQ 15IAX9 Core i5 12th Gen RTX 2050 4GB Graphics 15.6"" FHD 144Hz Gaming Laptop","Intel i5-12450HX (12MB Cache, up to 4.4GHz)",16GB DDR5-4800,512GB M.2 PCIe 4.0x4 NVMe SSD,,NVIDIA GeForce RTX 2050 4GB GDDR6 Graphics,110500,In Stock,startech.com.bd,https://www.startech.com.bd/lenovo-loq-15iax9-i5-12th-gen-gaming-laptop
ASUS,"Asus ExpertBook B1 B1403CVA Core 7 150U 14"" IPS FHD Laptop","Intel Core 7 150U (12MB Cache, up to 5.4 GHz)",16GB DDR5,512GB M.2 2280 NVMe PCIe 4.0 SSD,"14"" FHD (1920 x 1080) IPS 16:9, Wide view, Anti-glare display",Built for Business DurabilityIntel UHD Graphics handles business applications,122000,In Stock,startech.com.bd,https://www.startech.com.bd/asus-expertbook-b1-b1403cva-core-7-150u-fhd-laptop
ASUS,"Asus ExpertBook B1 B1403CVA Core 7 150U 14"" FHD Laptop","Intel Core 7 150U (12MB Cache, up to 5.4 GHz)",16GB DDR5,512GB M.2 2280 NVMe PCIe 4.0 SSD,"14"" FHD (1920 x 1080) 16:9, Wide view, Anti-glare display",With integrated Intel Graphics,,Out of Stock,startech.com.bd,https://www.startech.com.bd/asus-expertbook-b1-b1403cva-core-7-laptop
ASUS,"Asus ExpertBook B1 B1403CVA Core 7 240H 14"" FHD Laptop","Intel Core 7 240H (24MB Cache, P-core 2.5 / 5.2GHz, E-core 1.8 / 4.0GHz)",16GB DDR5,512GB M.2 2280 NVMe PCIe 4.0 SSD,"14"" FHD (1920 x 1080) 16:9, Wide view, Anti-glare display",,110000,In Stock,startech.com.bd,https://www.startech.com.bd/asus-expertbook-b1-b1403cva-core-7-240h-laptop
ASUS,"Asus ExpertBook B1 B1503CVA Core 7 240H 15.6"" FHD Laptop","Intel Core 7 240H (24MB Cache, P-core 2.5 / 5.2GHz, E-core 1.8 / 4.0GHz)",16GB DDR5,512GB M.2 2280 NVMe PCIe 4.0 SSD,"15.6"" FHD (1920 x 1080) 16:9, Wide view, Anti-glare display",,110000,In Stock,startech.com.bd,https://www.startech.com.bd/asus-expertbook-b1-b1503cva-core-7-240h-laptop
Lenovo,"Lenovo IdeaPad Slim 5 14IRH10 Core i5 13th Gen 1TB SSD 14"" WUXGA OLED Laptop","Intel Core i5-13420H (12MB Cache, Up to 4.6GHz)",16GB DDR5-5600MHz,1TB M.2 PCIe 4.0x4 NVMe SSD,"14"" WUXGA (1920x1200) OLED, 400nits, Glossy, DisplayHDR True Black 500",With Intel UHD Graphics,112500,In Stock,startech.com.bd,https://www.startech.com.bd/lenovo-ideapad-slim-5-14irh10-laptop
ASUS,"ASUS VivoBook 14 F1407CA Core Ultra 5 225H 1TB SSD 14"" FHD Laptop","Intel Core Ultra 5 225H (18M Cache, up to 4.90 GHz)",16GB DDR5,1TB SSD,"14.0"" IPS FHD (1920 x 1080), 400nits Brightness",The Asus laptop also has Intel Graphics for common visual activities and advance,118000,In Stock,startech.com.bd,https://www.startech.com.bd/asus-vivobook-14-f1407ca-core-ultra-5-225h-laptop
Lenovo,"Lenovo IdeaPad Slim 3 15IRH10R Core 7 240H 15.3"" WUXGA IPS Laptop","Intel Core 7 240H (24MB Cache, P-core 2.5 / 5.2GHz, E-core 1.8 / 4.0GHz)",24GB DDR5-4800,512GB M.2 PCIe 4.0x4 NVMe SSD,"15.3"" WUXGA (1920x1200) IPS, 300 nits Anti-glare",It integrates Intel UHD Graphics,113500,In Stock,startech.com.bd,https://www.startech.com.bd/lenovo-ideapad-slim-3-15irh10r-core-7-laptop
ASUS,"ASUS Vivobook 16 F1607CA Core Ultra 5 225H 1TB SSD 16"" WUXGA Laptop","Intel Core Ultra 5 225H (18MB Cache, Up to 4.9GHz)",16GB DDR5,1TB M.2 NVMe PCIe 4.0 SSD,"16"" WUXGA (1920 x 1200) 16:10, LED Backlit, 60Hz, 300nits",Intel integrated graphics are capable of handling common visuals smoothly,115000,In Stock,startech.com.bd,https://www.startech.com.bd/asus-vivobook-16-f1607ca-core-ultra-5-laptop
ASUS,"ASUS Vivobook 16 F1607CA Core Ultra 5 225H 16"" WUXGA Laptop Cool Silver","Intel Core Ultra 5 225H (18MB Cache, Up to 4.9GHz)",16GB DDR5,1TB M.2 NVMe PCIe 4.0 SSD,"16"" WUXGA (1920 x 1200) 16:10, LED Backlit, 60Hz, 300nits",Intel integrated graphics can handle common visuals smoothly,116000,In Stock,startech.com.bd,https://www.startech.com.bd/asus-vivobook-16-f1607ca-laptop-cool-silver
ASUS,"Asus Vivobook 15 A1504VA Core 7 150U 15.6"" FHD Laptop","Intel Core 7 150U (12MB Cache, Up to 4.7 GHz)",16GB DDR5,512GB M.2 PCIe 4.0 SSD,"15.6"" FHD (1920 x 1080) IPS, Anti-glare",6 inch FHD Laptop uses Intel integrated graphics for everyday tasks and multimed,120500,In Stock,startech.com.bd,https://www.startech.com.bd/asus-vivobook-15-a1504va-core-7-laptop
ASUS,"Asus Vivobook 15 A1504VA Core 7 150U 15.6"" FHD Laptop Cool Silver","Intel Core 7 150U (12MB Cache, Up to 4.7 GHz)",16GB DDR5,512GB M.2 PCIe 4.0 SSD,"15.6"" FHD (1920 x 1080) IPS, Anti-glare",6 inch FHD Laptop uses Intel integrated graphics for everyday tasks and multimed,118000,In Stock,startech.com.bd,https://www.startech.com.bd/asus-vivobook-15-a1504va-core-7-laptop-cool-silver
ASUS,"Asus Vivobook 14 M1407KA Ryzen AI 5 330 14"" WUXGA Laptop","AMD Ryzen AI 5 330 (12MB Cache, Up to 4.5GHz)",16GB DDR5,512GB M.2 PCIe 4.0 SSD,"14"" WUXGA (1920 x 1200), IPS, 60Hz, 300nits",,116000,In Stock,startech.com.bd,https://www.startech.com.bd/asus-vivobook-14-m1407ka-laptop
Walton,"Walton ACC TAMARIND EX514H Core Ultra 5 14"" 2.8K IPS 120Hz Display Laptop","Intel Core Ultra 5 125H  (18MB Cache, 1.2GHz up to 4.5GHz)",16GB DDR5 5600Mhz,1TB Gen4 SSD,"14"" 2.8K WQXGA+ (2880x1800) IPS",The graphics are powered by Intel Iris Xe Graphics,112550,In Stock,startech.com.bd,https://www.startech.com.bd/walton-acc-tamarind-ex514h-core-ultra-5-laptop
ASUS,"ASUS ExpertBook P3 P3405CVA Core i7 13th Gen 14"" WUXGA Laptop","Intel Core i7-13620H (24MB Cache, up to 4.9GHz)",16GB DDR5 5200MT/s,512GB M.2 NVMe PCIe 4.0 SSD,"14"" WUXGA (1920 x 1200) 16:10, Anti-glare display, LED Backlit",,115000,In Stock,startech.com.bd,https://www.startech.com.bd/asus-expertbook-p3-p3405cva-laptop
ASUS,"ASUS TUF Gaming F16 FX607VB Core 5 210H RTX 3050A 4GB Graphics 16"" WUXGA Gaming Laptop","Intel Core 5 210H (12M Cache, up to 4.8 GHz)",8GB DDR4 3200Mhz,512GB Gen 4 SSD,,RTX 3050A 4GB GDDR6,115800,In Stock,startech.com.bd,https://www.startech.com.bd/asus-tuf-gaming-f16-fx607vb-core-5-210h-gaming-laptop
Lenovo,"Lenovo IdeaPad Slim 5 14Q8X9 Snapdragon X Plus 14"" WUXGA OLED Copilot+ PC Laptop","Snapdragon X Plus X1P-42-100 (30MB Cache, Max Turbo up to 3.4GHz) with NPU",16GB LPDDR5x-8448,512GB M.2 2242 PCIe 4.0x4 NVMe SSD,"14"" WUXGA (1920x1200) OLED 400nits Glossy, 100% DCI-P3",The graphics are powered by the integrated Qualcomm Adreno GPU on the Qualcomm S,108000,In Stock,startech.com.bd,https://www.startech.com.bd/lenovo-ideapad-slim-5-14q8x9-snapdragon-x-plus-oled-laptop
ASUS,"ASUS Zenbook 14 OLED UX3405CA Core Ultra 5 225H 14"" WUXGA Touch Laptop","Intel Core Ultra 5 225H (18MB Cache, up to 4.9 GHz)",16GB LPDDR5X,512GB M.2 NVMe PCIe 4.0 SSD,"14-inch, WUXGA (1920 x 1200), OLED, Touch",The Intel Arc Graphics,158000,In Stock,startech.com.bd,https://www.startech.com.bd/asus-zenbook-14-oled-ux3405ca-core-ultra-5-laptop
Lenovo,"Lenovo IdeaPad 5 2-in-1 14IAL10 Core Ultra 7 255H 512GB SSD 14"" WUXGA Touch Laptop","Intel Core Ultra 7 255H (24MB Cache, Max Turbo up to 5.1GHz)",16GB LPDDR5x-8000MHz,512GB M.2 PCIe 4.0x4 NVMe SSD,"14"" WUXGA (1920x1200) IPS 300 nits Glossy, 10-point Multi-Touch",The integrated Intel Arc 140T graphics produce flawless images,152000,In Stock,startech.com.bd,https://www.startech.com.bd/lenovo-ideapad-5-2-in-1-14ial10-touch-laptop
Lenovo,"Lenovo Yoga 7 2-in-1 14IML9 Core Ultra 5 125H 14"" WUXGA OLED Touch Laptop","Intel Core Ultra 5 125H (18MB Cache, Max Turbo up to 4.5GHz)",16GB LPDDR5x-7467MHz,512GB M.2 PCIe 4.0x4 NVMe SSD,"14"" WUXGA (1920x1200) OLED, 60Hz, Touch, 400nits Glossy",while the integrated Intel Arc Graphics ensures smooth visuals whether you are s,143500,In Stock,startech.com.bd,https://www.startech.com.bd/lenovo-yoga-7-2-in-1-14iml9-wuxga-laptop
ASUS,"ASUS Zenbook 14 OLED UM3406GA Ryzen AI 5-430 14"" Copilot+ PC Laptop","AMD Ryzen AI 5 430 (12MB Cache, up to 4.50 GHz)",16GB LPDDR5X,512GB M.2 NVMe PCIe 4.0 SSD,"14-inch, WUXGA (1920 x 1200) OLED, 60Hz",Integrated AMD Radeon 840M graphics support everyday workloads and light creativ,163000,In Stock,startech.com.bd,https://www.startech.com.bd/asus-zenbook-14-oled-um3406ga-laptop
Lenovo,"Lenovo IdeaPad 5 2-in-1 14IAL10 Core Ultra 7 255H 14"" WUXGA IPS Touch Laptop","Intel Core Ultra 7 255H (24MB Cache, Max Turbo up to 5.1GHz)",16GB LPDDR5x-8000,1TB M.2 PCIe 4.0x4 NVMe SSD,"14"" WUXGA (1920x1200) IPS 300 nits Glossy, 10-point Multi-Touch",Integrated Intel Arc 140T graphics deliver smooth visuals,157000,In Stock,startech.com.bd,https://www.startech.com.bd/lenovo-ideapad-5-2-in-1-14ial10-laptop
Microsoft,"Microsoft Surface Pro 12 Snapdragon X Plus 8 Core 12"" Touch Copilot+ PC Laptop",Qualcomm Snapdragon X Plus 8 Core,16GB LPDDR5x,512GB PCIe 4.0 SSD,"12"" PixelSense LCD (2196x1464) Touchscreen, 90Hz",Graphics are powered by the integrated Qualcomm Adreno GPU,,Out of Stock,startech.com.bd,https://www.startech.com.bd/microsoft-surface-pro-12-inch-laptop
Lenovo,"Lenovo Yoga 7 2-in-1 14IML9 Core Ultra 5 14"" OLED Touch Laptop","Intel Core Ultra 5 125H (14C,18T, up to 4.5 GHz, 18M Cache)",16GB LPDDR5,1TB SSD,14.0-inch WUXGA (1920x1200) OLED,,160000,In Stock,startech.com.bd,https://www.startech.com.bd/lenovo-yoga-7-2-in-1-14iml9-core-ultra-5-14-inch-laptop
ASUS,"ASUS Zenbook 14 OLED UX3405CA Core Ultra 7 255H 14"" WUXGA Touch Laptop","Intel Core Ultra 7 255H (24MB Cache, up to 5.1 GHz)",16GB LPDDR5X,512GB M.2 NVMe PCIe 4.0 SSD,"14-inch, WUXGA (1920 x 1200), OLED",Intel Arc Graphics support high,193000,In Stock,startech.com.bd,https://www.startech.com.bd/asus-zenbook-14-oled-ux3405ca-core-ultra-7-laptop
Lenovo,"Lenovo Yoga Slim 7 14IMH9 Core Ultra 5 125H 14"" WUXGA OLED Laptop","Intel Core Ultra 5 125H (18MB Cache, Max Turbo up to 4.5GHz)",16GB LPDDR5x-7467,512GB M.2 PCIe 4.0x4 NVMe SSD,"14"" WUXGA (1920x1200) OLED, 60Hz, 400nits Glossy",Visuals are supported by integrated Intel Arc Graphics,160000,In Stock,startech.com.bd,https://www.startech.com.bd/lenovo-yoga-slim-7-14imh9-laptop
Lenovo,"Lenovo Yoga 7 2-in-1 14IML9 Core Ultra 5 125H 14"" 2.8K OLED Touch Laptop","Intel Core Ultra 5 125H (18MB Cache, Max Turbo up to 4.5GHz)",16GB LPDDR5x-7467MHz,512GB M.2 PCIe 4.0x4 NVMe SSD,"14"" 2.8K WQXGA+ (2880x1800) OLED, 120Hz, Touch, 400nits Glossy",while the integrated Intel Arc Graphics ensures smooth visuals whether you are s,160000,In Stock,startech.com.bd,https://www.startech.com.bd/lenovo-yoga-7-2-in-1-14iml9-laptop
ASUS,"ASUS Zenbook A14 UX3407RA Snapdragon X Elite 14"" OLED Copilot+ PC Laptop Iceland Gray","Snapdragon X Elite X1E 78 100 (42MB Cache, up to 3.4GHz)",16GB LPDDR5X,1TB M.2 NVMe PCIe 4.0 SSD,"14-inch, WUXGA (1920 x 1200) OLED, 60Hz",Its Qualcomm Adreno GPU handles graphics well,182000,In Stock,startech.com.bd,https://www.startech.com.bd/asus-zenbook-a14-ux3407ra-laptop-iceland-gray
ASUS,"ASUS Zenbook 14 OLED UX3405CA Core Ultra 5 225H 14"" WUXGA Laptop Ponder Blue","Intel Core Ultra 5 225H (18MB Cache, up to 4.9 GHz)",16GB LPDDR5X,512GB M.2 NVMe PCIe 4.0 SSD,"14-inch, WUXGA (1920 x 1200), OLED",The Intel Arc Graphics ensures smooth visuals,158000,In Stock,startech.com.bd,https://www.startech.com.bd/asus-zenbook-14-oled-ux3405ca-core-ultra-5-225h-laptop
Lenovo,"Lenovo Yoga Slim 7 14ILL10 Core Ultra 7 258V 14"" WUXGA OLED Laptop","Intel Core Ultra 7 258V (12MB Cache, Max Turbo up to 4.8GHz)",32GB LPDDR5x-8533MHz,512GB M.2 PCIe 4.0x4 NVMe SSD,"14"" WUXGA (1920x1200) OLED, 60Hz, 600nits (peak)",The integrated Intel Arc Graphics 140V ensures vibrant visuals for work,195000,In Stock,startech.com.bd,https://www.startech.com.bd/lenovo-yoga-slim-7-14ill10-laptop
Lenovo,"Lenovo Yoga 7 2-in-1 14ILL10 Core Ultra 5 228V 14"" 2.8K OLED Touch Laptop","Intel Core Ultra 5 228V (8MB Cache, Max Turbo up to 4.5GHz)",32GB LPDDR5x-8533MHz,1TB  M.2 PCIe 4.0x4 NVMe SSD,"14"" 2.8K WQXGA+ (2880x1800) OLED, 120Hz, Touch, 1100nits (peak)",The integrated Intel Arc Graphics 130V ensures smooth visuals,179000,In Stock,startech.com.bd,https://www.startech.com.bd/lenovo-yoga-7-2-in-1-14ill10-laptop
ASUS,"ASUS Zenbook S 14 OLED UX5406SA Core Ultra 7 256V 14"" 3K OLED Copilot+ PC Laptop","Intel Core Ultra 7 256V (12M Cache, up to 4.8 GHz, 4C, 8T)",16GB LPDDR5X,1TB Gen4 SSD,"14"" 3K (2880 x 1800) OLED",inch 3K OLED display provides spectacular graphics with a resolution of 2880 x 1,228000,In Stock,startech.com.bd,https://www.startech.com.bd/asus-zenbook-s-14-oled-ux5406sa-core-ultra-7-oled-laptop
ASUS,"ASUS Zenbook S 16 OLED UM5606GA Ryzen AI 7-445 16"" Copilot+ PC Laptop","AMD Ryzen AI 7 350 (24MB Cache, up to 5.0 GHz)",32GB LPDDR5X,1TB M.2 NVMe PCIe 4.0 SSD,"14-inch, 3K (2880 x 1800) OLED, 120Hz",Integrated AMD Radeon 840M graphics enhance visuals for productivity and enterta,264000,In Stock,startech.com.bd,https://www.startech.com.bd/asus-zenbook-s-16-oled-um5606ga-laptop
Lenovo,"Lenovo Yoga Slim 7 14Q8X9 Snapdragon X Elite 14.5"" 3K OLED Touch Laptop","Snapdragon X Elite X1E-78-100 (42MB Cache, Max Turbo up to 3.4GHz)",16GB LPDDR5x-8448MHz,512GB M.2 PCIe 4.0x4 NVMe SSD,"14.5"" 3K (2944x1840) OLED, 90Hz,1000nits (peak), Touch",With integrated Qualcomm Adreno graphics,187000,In Stock,startech.com.bd,https://www.startech.com.bd/lenovo-yoga-slim-7-14q8x9-laptop
Lenovo,"Lenovo Yoga Slim 7 Ultra 14IPH11 Core Ultra 7 355 14"" 2.8K POLED Touch Laptop","Intel Core Ultra 7 355 (12MB Cache, Max Turbo up to 4.7GHz)",32GB LPDDR5x-7467,1TB M.2 2242 PCIe 4.0x4 NVMe SSD,"14"" 2.8K WQXGA+ (2880x1800) POLED 1100nits (peak), 120Hz",,315000,In Stock,startech.com.bd,https://www.startech.com.bd/lenovo-yoga-slim-7-ultra-14iph11-laptop
Lenovo,"Lenovo Yoga Pro 7 14IAH10 Core Ultra 9 285H 14.5"" 3K OLED Touch Laptop","Intel Core Ultra 9 285H (24MB Cache, Max Turbo up to 5.4GHz)",32GB LPDDR5x-8533,1TB M.2 2242 PCIe 4.0x4 NVMe SSD,"14.5"" 3K (3000x1876) OLED 1000nits (peak), 120Hz, Touch",Integrated Intel Arc 140T graphics handle video editing,298000,In Stock,startech.com.bd,https://www.startech.com.bd/lenovo-yoga-pro-7-14iah10-core-ultra-9-laptop
Lenovo,"Lenovo Yoga Slim 9 14ILL10 Core Ultra 7 258V 14"" 4K OLED Touch Laptop","Intel Core Ultra 7 258V (12MB Cache, Max Turbo up to 4.8GHz)",32GB LPDDR5x-8533MHz,1TB  M.2 PCIe 4.0x4 NVMe SSD,"14"" 4K WQUXGA (3840x2400) OLED, 120Hz, Touch, 750nits (peak)",Paired with Intel Arc Graphics 140V,280000,In Stock,startech.com.bd,https://www.startech.com.bd/lenovo-yoga-slim-9-14ill10-laptop
ASUS,"ASUS Zenbook Duo UX8407AA Core Ultra X7 358H 14"" 3K OLED Touch Laptop","Intel Core Ultra X7 358H (18MB Cache, up to 4.8 GHz)",32GB LPDDR5X,1TB M.2 NVMe PCIe 4.0 SSD,"14"", 3K (2880 x 1800) OLED, 144Hz, 0.2ms, Touch Screen",Intel Arc Graphics,476000,In Stock,startech.com.bd,https://www.startech.com.bd/asus-zenbook-duo-ux8407aa-laptop
MSI,"MSI Prestige 13 AI+ Ukiyoe Edition A2VMG Core Ultra 9 288V 13.3"" 2.8K OLED Laptop",Intel Core Ultra 9 288V With Max. 48 NPU TOPS (120 total AI TOPS),32GB LPDDR5x-8533,2TB NVMe PCIe Gen4x4 SSD,"13.3"" 2.8K (2880x1800), OLED, 100% DCI-P3, 16:10",With integrated Intel Arc 140V graphics and LPDDR5x,310000,In Stock,startech.com.bd,https://www.startech.com.bd/msi-prestige-13-ai-plus-ukiyoe-edition-a2vmg-laptop
Microsoft,"Microsoft Surface Laptop 7th Edition Core Ultra 5 13.8"" Touch Copilot+ PC Laptop","Core Ultra 5, 8-Core",16GB LPDDR5x,256GBB PCIe 4.0 SSD,"13.8"" 2304 x 1536 Touchscreen, 120hz",while the Intel Arc Graphics with Intel AI Boost NPU elevate visuals for creativ,,Out of Stock,startech.com.bd,https://www.startech.com.bd/microsoft-surface-7th-edition-laptop
Microsoft,"Microsoft Surface Laptop 7th Edition Snapdragon X Plus 13.8"" Copilot+ PC Touch Laptop Dune",Qualcomm Snapdragon X Plus 10 Core,16GB LPDDR5x,512GB PCIe 4.0 SSD,"13.8"" (2304 x 1536p) Touchscreen, 120hz",while integrated graphics handle everyday visuals smoothly,,Out of Stock,startech.com.bd,https://www.startech.com.bd/microsoft-surface-laptop-7th-edition-laptop-dune
Lenovo,"Lenovo IdeaPad 5 2-in-1 14IAL10 Core Ultra 5 225H 14"" WUXGA Touch Laptop","Intel Core Ultra 5 225H (24MB Cache, Up to 4.9GHz)",16GB LPDDR5x-8000,512GB M.2 2242 PCIe 4.0x4 NVMe SSD,"14"" WUXGA (1920x1200) IPS, 300nits, 60Hz, Glass, Touch",s AI Boost NPU with up to 13 TOPS and integrated Intel Arc 130T graphics,137000,In Stock,startech.com.bd,https://www.startech.com.bd/lenovo-ideapad-5-2-in-1-14ial10-core-ultra-5-225h-laptop
Lenovo,"Lenovo IdeaPad Pro 5 16AHP9 Ryzen 7 8845HS 512GB SSD AI Integrated RTX 3050 6GB Graphics 16"" OLED Laptop","AMD Ryzen 7 8845HS (8C / 16T, 3.8 / 5.1GHz, 8MB L2 / 16MB L3) with NPU",16GB DDR5-6400,512GB M.2 PCIe 4.0x4 NVMe SSD,"16"" 2K (2048x1280) OLED Display, Mil-Std-810h Military Grade",NVIDIA GeForce RTX 3050 6GB GDDR6,,Out of Stock,startech.com.bd,https://www.startech.com.bd/lenovo-ideapad-pro-5-16ahp9-ryzen-7-8845hs-512gb-16-2k-oled-laptop
ASUS,"ASUS Zenbook 14 OLED UX3405CA Core Ultra 7 14"" WUXGA Laptop","Intel Core Ultra 7 255H (24MB Cache, up to 5.1 GHz)",16GB LPDDR5X,512GB M.2 NVMe PCIe 4.0 SSD,"14-inch, WUXGA (1920 x 1200), OLED",The integrated Intel Arc Graphics ensures smooth visuals for everyday tasks and ,,Out of Stock,startech.com.bd,https://www.startech.com.bd/asus-zenbook-14-ux3405ca-core-ultra-7-255h-laptop
Microsoft,Microsoft Surface Laptop 7th Edition Snapdragon X Plus 12 Core Copilot+ & AI Optimized Laptop Black,Qualcomm Snapdragon X Plus 12 Core,16GB LPDDR5x,512GB PCIe 4.0 SSD,"13.8"" (2304 x 1536p) HDR Touchscreen, 120hz",,,Out of Stock,startech.com.bd,https://www.startech.com.bd/microsoft-surface-laptop-7th-edition-laptop-black
Microsoft,"Microsoft Surface Pro 11th Edition Snapdragon X Plus 13"" Copilot+PC Touch Laptop",Qualcomm Snapdragon X Plus 10 Core 3.4 GHz,16GB LPDDR5x,512GB PCIe 4.0 SSD,"13"" LCD (2880x1920) HDR Touchscreen, Upto 120hz",,,Out of Stock,startech.com.bd,https://www.startech.com.bd/microsoft-surface-pro-11th-edition-ai-laptop
ASUS,"ASUS Zenbook 14 OLED UM3406KA Ryzen AI 7-350 14"" Copilot+ PC Laptop","AMD Ryzen AI 7 350 (24MB Cache, up to 5.0 GHz)",32GB LPDDR5X,1TB M.2 NVMe PCIe 4.0 SSD,"14-inch, 3K (2880 x 1800) OLED, 120Hz",With AMD Radeon 860M graphics,,Out of Stock,startech.com.bd,https://www.startech.com.bd/asus-zenbook-14-oled-um3406ka-laptop
Microsoft,Microsoft Surface Laptop 7 Copilot+ PC 7th Edition Copilot Plus & AI Optimized Platinum Laptop,Qualcomm Snapdragon X Plus 12 Core,16GB LPDDR5x,512GB PCIe 4.0 SSD,"13.8"" (2304 x 1536p) HDR Touchscreen, 120hz",The Microsoft Surface 7th Edition Snapdragon X Plus also includes integrated Qua,,Out of Stock,startech.com.bd,https://www.startech.com.bd/microsoft-surface-laptop-7th-edition-512gb-ssd-laptop
Microsoft,"Microsoft Surface Pro 11th Edition Core Ultra 7 13"" OLED 120Hz Copilot+ PC Touch Laptop","Intel Core Ultra 7 266V 8 Core, up to 5GHz",16GB LPDDR5x,512GB PCIe 4.0 SSD,"13"" OLED (2880x1920) HDR Touchscreen, 120hz",With Intel Arc Graphics,,Out of Stock,startech.com.bd,https://www.startech.com.bd/microsoft-surface-pro-11th-edition-core-ultra-7-laptop
Microsoft,"Microsoft Surface Laptop 7th Edition Snapdragon X Plus 10 Core 13.8"" 120Hz Touch Copilot+ PC Laptop",Qualcomm Snapdragon X Plus 10 Core,16GB LPDDR5x,1TB PCIe 4.0 SSD,"13.8"" (2304 x 1536p) HDR Touchscreen, 120hz",,,Out of Stock,startech.com.bd,https://www.startech.com.bd/microsoft-surface-laptop-7th-edition-1tb-ssd-laptop
Microsoft,"Microsoft Surface Pro 10 Core Ultra 7 165U 13"" 120Hz Touch Laptop","Intel Core Ultra 7 165U (12M Cache, up to 4.90 GHz)",,16GB LPDDR5 Storage: 512GB SSD,"13"" 2880x1920 Multi-touch",resulting in fluid and colorful graphics,,Out of Stock,startech.com.bd,https://www.startech.com.bd/microsoft-surface-pro-10-core-ultra-7-laptop
Microsoft,"Microsoft Surface Laptop 7th Edition Core Ultra 7 268V 13.8"" Touch Copilot+PC Laptop","Intel Core Ultra 7 268V (12MB Cache, Up to 5GHz)",32GB LPDDR5x,1TB PCIe 4.0 SSD,"13.8"" 2304 x 1536 Touchscreen, 120hz",while the Intel Arc Graphics with Intel AI Boost NPU elevate visuals for creativ,,Out of Stock,startech.com.bd,https://www.startech.com.bd/microsoft-surface-laptop-7th-edition-core-ultra-7-laptop
Microsoft,"Microsoft Surface Pro 10 Core Ultra 7 165U 13"" 120Hz 32GB RAM Touch Laptop","Intel Core Ultra 7 165U (12M Cache, up to 4.90 GHz)",,32GB LPDDR5 Storage: 512GB SSD,"13"" 2880x1920 Multi-touch",Integrated Intel Iris Xe Graphics provide reliable visuals,,Out of Stock,startech.com.bd,https://www.startech.com.bd/microsoft-surface-pro-10-32gb-ram-touch-laptop
Microsoft,"Microsoft Surface Laptop 7th Edition Snapdragon X Elite Copilot+ & AI Optimized 15"" Laptop Platinum","Qualcomm Snapdragon X Elite (12 Core, Up to 3.40 Ghz)",16GB LPDDR5x,256GB PCIe 4.0 SSD,"15"" (2304x1536) HDR Touchscreen, 120hz",Display and Graphics The Surface Laptop 7 features a 15,,Out of Stock,startech.com.bd,https://www.startech.com.bd/microsoft-surface-laptop-7th-edition-15-inch-platinum
HP,"HP OmniBook 5 Flip x360 14-fp0134TU Core 7 150U 14"" 2K IPS Touch Laptop","Core 7 150U (12M L3 Cache, up to 5.4 GHz)",24GB LPDDR5 5200MHz,1TB PCIe Gen4 NVMe M.2 SSD,"14"" 2K (1920 x 1200), IPS, Touch",,,Out of Stock,startech.com.bd,https://www.startech.com.bd/hp-omnibook-5-flip-x360-14-fp0134tu-laptop
Lenovo,"Lenovo IdeaPad Slim 5 16AKP10 Ryzen AI 7 350 16"" 2.8K OLED Laptop","AMD Ryzen AI 7 350 (8C / 16T, 2.0 / 5.0GHz, 8MB L2 / 16MB L3)",32GB DDR5-5600MHz; Storage: 1TB M.2 2242 PCIe 4.0x4 NVMe SSD,1TB M.2 2242 PCIe 4.0x4 NVMe SSD,"16"" 2.8K (2880x1800) OLED 500nits Glossy, 100% DCI-P3, 120Hz",The integrated AMD Radeon 860M graphics boost visual performance,,Out of Stock,startech.com.bd,https://www.startech.com.bd/lenovo-ideapad-slim-5-16akp10-laptop-luna-grey
Microsoft,"Microsoft Surface Laptop 7th Edition Snapdragon X Plus 32GB RAM Copilot+PC 13.8"" Touch Laptop","Qualcomm Snapdragon X Plus (10-Core, Up to 3.40 Ghz)",32GB LPDDR5x,1TB PCIe 4.0 SSD,"13.8"" (2304 x 1536) HDR Touchscreen, 120hz",8 inch Laptop features Qualcomm Adreno integrated graphics,,Out of Stock,startech.com.bd,https://www.startech.com.bd/microsoft-surface-laptop-7th-edition-snapdragon-x-plus-laptop
